FirstLayer_task_speed_factor_1,FirstLayer_task_share_factor_1,FirstLayer_task_speed_factor_2,playerName,U2PostScoreLevel,FirstLayer_arg_freq_factor_1,FirstLayer_arg_freq_factor_2,FirstLayer_arg_freq_factor_3,FirstLayer_arg_freq_factor_4,FirstLayer_arg_speed_factor_1,FirstLayer_arg_speed_factor_2,FirstLayer_arg_speed_factor_3,FirstLayer_arg_speed_factor_4,FirstLayer_arg_speed_factor_5,FirstLayer_arg_share_factor_1,FirstLayer_arg_share_factor_2,FirstLayer_arg_share_factor_3,FirstLayer_arg_share_factor_4,FirstLayer_hotkey_freq_factor_1,FirstLayer_hotkey_freq_factor_2,FirstLayer_hotkey_freq_factor_3,FirstLayer_hotkey_freq_factor_4,FirstLayer_hotkey_freq_factor_5,FirstLayer_hotkey_share_factor_1,FirstLayer_hotkey_share_factor_2,FirstLayer_hotkey_share_factor_3,FirstLayer_dialogue_freq_factor_1,FirstLayer_dialogue_freq_factor_2,FirstLayer_dialogue_freq_factor_3,FirstLayer_dialogue_freq_factor_4,FirstLayer_dialogue_freq_factor_5,FirstLayer_dialogue_speed_factor_1,FirstLayer_dialogue_speed_factor_2,FirstLayer_dialogue_speed_factor_3,FirstLayer_dialogue_speed_factor_4,FirstLayer_dialogue_speed_factor_5,FirstLayer_dialogue_speed_factor_6,FirstLayer_dialogue_speed_factor_7,FirstLayer_dialogue_share_factor_1,FirstLayer_dialogue_share_factor_2,FirstLayer_dialogue_share_factor_3,FirstLayer_dialogue_share_factor_4,FirstLayer_behaviorType_freq_factor_1,FirstLayer_behaviorType_speed_factor_1,FirstLayer_behaviorType_share_factor_1,FirstLayer_itemInter_freq_factor_1,FirstLayer_itemInter_share_factor_1,FirstLayer_tool_freq_factor_1,FirstLayer_tool_freq_factor_2,FirstLayer_tool_speed_factor_1,FirstLayer_tool_speed_factor_2,FirstLayer_tool_share_factor_1,FirstLayer_tool_share_factor_2,SecondLayer_item_inter_factor_1,SecondLayer_arg_Inter_factor_1,FirstLayer_map_share_size_factor_1,FirstLayer_map_share_size_factor_2,SecondLayer_task_Inter_factor_1,SecondLayer_arg_Inter_factor_2,SecondLayer_hotkey_Inter_factor_1,SecondLayer_tool_Inter_factor_1,SecondLayer_dialogue_Inter_factor_1,SecondLayer_dialogue_Inter_factor_2,SecondLayer_dialogue_Inter_factor_3,SecondLayer_item_Inter_factor_2,SecondLayer_item_Inter_factor_3,SecondLayer_item_Inter_factor_4
228,304,59,1,0,161,100,43,269,106,150,44,287,126,11,270,91,61,19,139,181,54,139,173,104,168,139,86,273,242,141,210,32,53,34,274,153,87,17,283,6,202,29,120,269,191,238,243,40,203,9,311,11,0,1,0,0,176,142,275,245,292,262,257,32,150,176
91,252,42,2,1,80,290,27,258,198,79,89,108,160,46,145,134,71,265,30,75,232,17,25,258,71,25,262,21,16,274,266,10,47,175,216,311,247,19,129,308,13,269,191,116,277,304,28,315,181,94,184,158,1,1,0,0,309,198,204,16,67,31,95,287,248,207
130,172,4,3,0,287,31,48,115,248,61,166,209,149,221,149,216,25,73,147,134,281,246,90,91,258,222,80,275,207,259,18,231,153,73,201,173,89,32,224,33,239,277,96,76,272,265,318,305,13,192,300,162,1,0,1,1,43,40,184,314,291,188,293,46,40,315
193,201,73,4,0,27,53,53,222,66,169,5,217,29,78,286,22,36,23,199,145,229,88,189,181,256,97,138,226,201,56,38,168,147,10,272,54,169,8,292,39,183,219,145,251,187,23,276,171,109,178,30,258,1,0,1,1,38,41,225,233,206,265,280,115,190,224
288,293,163,5,0,43,145,31,194,127,149,53,99,71,120,281,10,67,163,89,27,85,284,69,44,68,97,138,226,201,56,38,168,147,44,178,69,170,85,231,106,265,96,277,84,88,116,177,270,254,228,126,233,0,0,1,1,41,4,176,213,239,211,247,141,56,251
239,272,218,6,1,220,213,39,308,286,70,180,133,56,283,58,306,109,145,18,230,290,239,94,249,184,237,3,72,272,10,236,103,52,309,198,260,281,42,108,3,52,125,146,62,258,48,131,282,185,36,208,244,1,1,0,0,268,230,223,145,50,53,40,0,82,296
154,283,51,7,1,219,303,2,168,301,5,258,31,4,279,186,96,78,164,282,171,203,60,154,247,230,101,264,115,51,130,191,196,258,302,5,103,43,256,69,246,74,182,178,103,274,35,0,0,319,194,222,305,1,1,0,0,1,30,19,104,212,194,82,233,175,0
172,66,263,8,1,299,13,41,143,68,154,18,144,203,228,153,120,68,280,192,26,172,164,5,81,72,38,250,178,99,221,152,234,41,146,229,124,51,267,182,151,64,224,280,220,173,214,63,154,35,182,141,119,0,1,1,1,190,126,216,225,250,102,203,236,91,99
167,202,226,9,0,44,162,37,108,131,163,0,168,204,34,210,127,122,16,87,125,227,134,215,193,186,103,156,216,217,93,37,63,79,205,53,42,113,215,201,114,248,66,209,89,21,159,297,127,273,193,221,282,1,0,0,0,62,229,159,131,256,250,94,124,107,196
78,184,302,10,0,88,226,21,126,40,137,147,161,273,109,75,190,97,206,115,261,4,228,76,186,67,42,70,279,248,154,228,46,112,275,206,270,5,248,154,11,49,195,238,174,161,83,45,42,238,156,172,246,1,1,0,0,233,258,267,113,316,129,68,24,117,21
9,310,12,11,0,218,16,51,174,181,92,95,92,134,274,120,212,27,187,57,275,265,243,40,241,164,32,257,157,112,163,142,54,193,231,68,86,65,273,63,258,186,4,4,8,69,72,139,33,211,221,227,238,0,1,1,1,95,51,109,317,194,28,158,288,20,113
217,180,287,12,0,16,75,53,151,0,166,117,210,60,43,257,28,36,105,263,228,74,83,107,177,263,36,255,171,147,184,137,20,93,79,224,59,92,15,298,134,2,173,25,201,150,143,228,291,110,184,49,184,0,1,1,1,48,85,271,238,195,252,204,275,171,233
214,78,25,13,0,247,102,39,198,175,103,69,194,172,114,132,131,54,8,101,86,195,124,225,169,162,108,220,59,88,206,114,57,65,9,276,127,215,37,264,243,72,117,151,289,110,251,273,153,269,277,159,72,0,1,1,1,148,168,106,133,84,189,264,222,187,204
25,179,83,14,1,224,105,39,201,231,115,175,246,67,53,295,70,98,266,166,260,22,143,139,65,48,279,139,4,10,169,267,34,95,235,91,318,318,316,316,318,316,160,252,226,304,286,36,136,18,197,199,32,1,1,0,0,303,0,117,304,0,313,86,307,1,125
185,116,18,15,0,303,15,41,116,2,154,134,156,188,206,129,109,84,13,97,127,228,129,213,191,190,88,199,85,119,119,73,188,189,81,115,104,205,159,116,207,182,27,270,111,41,109,287,155,230,10,144,155,0,0,1,1,102,135,104,216,110,83,118,208,127,280
147,125,176,16,0,116,280,19,284,208,103,74,150,217,112,105,189,87,254,214,240,12,56,53,227,92,226,233,182,11,283,211,181,182,260,261,276,7,300,23,123,8,284,255,211,239,301,27,158,21,123,295,18,1,1,0,0,285,216,37,58,287,46,154,154,151,81
41,24,160,17,1,221,147,28,103,210,79,215,116,10,162,213,49,119,181,0,178,14,30,29,133,52,34,166,235,222,60,74,51,104,300,88,10,105,108,249,155,280,297,61,71,77,19,132,84,282,118,33,165,1,0,1,1,44,19,268,191,262,183,23,197,25,93
116,178,47,18,1,190,217,36,156,199,62,118,83,62,164,79,133,74,129,235,219,79,81,275,4,24,199,11,199,246,125,235,124,56,130,256,286,213,116,107,12,101,134,185,213,200,213,182,310,217,174,89,226,1,1,0,0,223,63,251,97,159,97,234,7,58,286
233,294,211,19,1,96,231,41,123,207,67,219,97,23,201,224,195,90,104,266,164,217,47,152,204,268,269,184,54,67,237,183,115,239,220,34,262,211,308,287,174,14,179,227,140,87,183,315,317,310,130,226,7,1,1,1,1,240,129,33,130,86,284,22,134,138,316
232,300,180,20,1,27,175,37,138,32,169,0,60,29,24,286,1,122,39,189,177,257,97,168,203,267,209,129,194,3,233,33,275,272,136,320,62,97,301,67,142,123,103,95,146,3,294,144,14,123,46,48,257,1,1,1,1,83,13,4,142,153,175,315,139,47,129
4,315,148,21,1,17,186,47,121,59,147,27,128,212,135,50,230,85,274,172,201,284,117,48,265,148,247,266,159,31,281,124,94,265,313,172,269,18,312,255,237,6,249,285,179,188,239,314,318,302,147,302,26,0,1,1,1,281,187,42,132,284,274,50,240,109,317
231,108,294,22,0,233,129,36,8,200,62,205,207,27,142,106,222,128,3,162,97,176,102,218,151,191,267,43,282,212,59,250,140,206,192,185,207,52,282,304,7,169,10,225,224,228,160,201,252,316,14,198,136,1,1,1,1,255,206,136,178,313,303,127,19,104,272
150,124,247,23,1,70,299,32,230,140,87,56,32,117,64,156,50,57,170,283,156,91,64,162,244,206,281,79,17,231,151,75,31,75,287,2,171,309,319,319,315,313,150,302,214,201,39,93,266,46,243,286,205,1,1,0,1,172,203,291,0,6,314,3,298,294,95
107,14,305,24,1,130,171,20,4,172,74,174,69,250,280,13,258,82,137,145,266,1,196,81,122,107,90,192,91,103,132,63,107,175,123,71,107,194,220,74,192,208,167,203,136,152,61,123,19,245,165,234,260,1,1,1,1,42,224,96,148,102,55,141,209,85,46
101,269,190,25,1,81,98,45,47,51,133,104,95,18,147,196,67,111,72,178,239,20,155,115,96,153,122,195,95,82,193,122,170,188,256,210,35,166,171,90,284,83,112,101,250,98,142,252,91,219,248,121,200,1,1,1,1,160,144,119,152,115,184,132,258,159,152
12,8,183,26,1,308,270,10,29,298,3,259,275,0,133,237,231,107,222,129,4,124,265,33,56,60,200,212,188,49,270,61,225,200,158,288,190,66,303,40,256,207,276,10,192,206,268,67,184,108,167,50,86,1,1,1,1,68,5,73,307,244,62,266,207,12,172
244,270,142,27,1,279,85,38,202,266,82,96,255,103,84,151,211,106,119,40,179,15,268,44,58,75,58,26,105,267,118,34,184,88,65,143,244,294,11,142,54,116,314,47,119,248,197,65,117,280,28,179,181,1,1,1,1,67,71,248,293,79,145,251,11,13,42
267,83,22,28,1,109,272,27,164,137,87,56,0,29,239,227,2,57,169,35,263,6,218,108,214,65,98,99,27,157,83,97,205,144,5,220,144,240,48,237,185,87,79,165,187,134,98,81,64,290,8,314,2,1,1,1,1,128,6,222,9,33,70,271,165,129,69
42,223,71,29,0,204,113,43,304,49,151,116,45,97,186,127,51,68,267,168,74,287,195,233,19,35,221,87,207,266,223,5,247,199,155,107,141,155,157,96,94,240,238,103,181,163,189,162,126,61,227,57,126,0,1,0,0,9,50,289,117,233,80,177,87,80,128
251,90,36,30,0,177,12,49,107,130,130,126,267,226,236,217,224,14,66,122,232,24,167,124,97,132,113,278,128,261,71,242,1,68,24,98,108,122,50,259,181,58,107,233,126,221,6,246,69,209,115,163,240,0,0,0,0,227,252,295,279,208,264,12,304,293,112
292,278,41,31,0,192,119,36,35,190,104,82,240,177,88,181,194,106,279,211,41,211,254,161,22,39,15,107,10,22,263,277,39,146,232,169,297,39,36,221,316,163,164,286,191,282,316,35,222,165,164,257,283,1,1,0,0,312,108,69,228,25,5,133,301,44,260
32,275,134,32,0,290,38,43,173,23,125,124,242,150,83,116,123,61,14,196,102,158,92,209,135,211,84,103,24,149,100,69,199,117,150,278,15,259,206,98,254,238,127,45,39,55,169,209,150,14,201,25,263,0,1,1,1,163,223,156,252,18,84,213,210,259,157
212,128,201,33,1,0,261,45,199,30,165,37,139,186,65,164,117,76,22,203,104,149,82,207,124,218,219,256,132,66,140,173,64,245,223,41,125,46,250,159,227,34,265,228,28,11,205,288,138,83,16,7,49,0,1,1,1,147,213,46,25,174,243,18,253,209,271
145,212,220,34,0,57,177,39,139,155,106,60,16,106,272,125,179,75,190,268,211,45,99,128,234,166,172,196,39,59,247,221,55,66,173,145,259,167,251,24,226,102,252,19,205,231,249,14,179,252,72,151,167,0,1,1,0,206,101,137,166,65,43,159,189,21,59
152,237,60,35,0,175,47,37,13,42,163,0,111,184,118,191,99,122,228,54,19,102,14,35,202,55,214,76,225,21,44,12,273,246,32,310,13,220,180,216,27,275,272,259,243,1,269,24,313,158,133,16,259,0,0,1,1,47,214,8,277,202,273,316,51,93,117
249,131,39,36,0,21,112,43,176,56,167,13,173,88,44,274,23,76,244,15,77,236,10,150,31,42,137,57,16,174,20,141,198,103,6,165,224,292,16,178,165,36,22,269,175,208,84,271,5,120,143,251,20,0,0,1,1,207,92,232,151,10,113,209,94,213,12
296,276,74,37,0,115,111,38,78,170,148,73,299,215,12,253,135,92,120,195,0,77,33,11,59,122,205,160,218,159,265,65,222,243,162,136,150,90,257,87,194,279,33,305,229,112,281,205,120,78,234,245,88,1,1,0,0,212,190,182,140,270,205,140,181,180,198
6,0,317,38,0,201,10,55,273,121,125,98,293,271,264,5,297,2,1,143,92,183,108,221,155,179,141,116,246,204,90,42,157,126,167,47,115,107,149,173,98,285,188,80,19,141,178,310,211,237,320,0,284,0,0,1,1,203,263,83,174,227,100,42,108,276,295
235,145,27,39,0,173,4,56,277,54,161,18,314,59,0,291,19,3,15,79,82,202,138,229,183,147,93,140,223,202,19,56,135,127,21,192,84,131,115,251,107,193,119,97,9,50,100,282,142,299,309,122,169,0,0,1,1,60,2,127,285,217,255,206,159,288,283
188,303,100,40,1,243,68,45,184,70,151,111,158,25,139,249,73,121,232,60,139,52,137,286,103,287,180,134,172,144,87,229,45,78,264,22,195,103,121,146,69,272,244,212,117,30,252,39,60,162,98,309,95,1,1,0,1,200,18,200,223,164,99,11,95,10,96
216,122,121,41,0,91,95,43,23,74,154,4,277,280,58,110,255,68,110,271,144,97,46,170,201,241,174,5,270,209,179,264,141,133,222,237,303,156,101,80,56,171,206,200,223,252,312,208,254,47,295,228,232,0,1,0,0,302,282,237,106,288,238,217,16,158,274
120,111,204,42,1,152,150,47,303,282,124,148,269,12,29,250,139,127,215,237,233,282,128,119,270,243,227,51,22,84,273,195,82,36,129,183,278,185,161,72,199,12,174,52,294,234,293,79,283,27,205,267,243,1,1,0,0,283,60,100,181,48,76,106,50,76,173
52,208,66,43,0,8,209,47,242,150,149,35,101,95,122,232,82,55,237,230,255,263,153,87,267,219,78,128,261,181,269,39,123,180,269,193,251,13,292,43,48,79,216,53,288,253,217,128,258,16,233,194,270,0,1,0,0,179,109,264,39,311,56,112,82,220,153
1,316,320,44,0,180,123,45,186,6,154,116,278,277,42,11,263,68,17,112,176,56,145,180,108,160,159,36,80,252,114,57,75,33,234,84,204,304,63,12,130,274,78,122,66,168,139,156,95,205,99,255,62,0,1,1,1,180,313,290,71,43,45,41,72,268,37
124,149,17,45,1,28,274,39,279,111,157,49,126,152,67,188,88,93,106,12,238,279,193,135,263,192,198,39,257,226,99,198,121,83,165,207,221,73,105,168,15,216,102,112,40,214,211,176,182,309,63,152,81,0,1,0,0,133,3,210,29,263,109,149,20,3,300
53,265,264,46,1,273,43,43,187,10,144,152,284,214,51,141,172,61,79,247,64,107,232,120,73,223,195,22,2,233,80,150,68,29,124,155,147,279,214,55,277,271,88,276,197,197,199,4,125,1,180,93,46,0,1,0,1,232,238,273,253,3,59,110,153,228,11
59,246,154,47,1,235,228,39,9,274,25,252,183,13,96,280,85,63,271,16,48,238,70,235,278,285,75,236,144,96,124,85,183,236,114,59,80,99,68,195,233,175,20,198,301,89,74,137,139,96,68,247,21,1,0,0,0,132,61,191,36,196,149,73,278,287,87
237,73,197,48,0,151,151,41,250,99,129,173,265,281,168,35,291,40,182,135,122,116,174,284,286,3,19,180,52,148,186,182,30,105,213,52,230,251,174,8,168,103,170,71,171,19,75,55,236,267,97,161,58,0,1,1,0,265,316,113,59,83,12,0,133,314,89
67,277,103,49,1,307,24,45,283,213,112,28,281,161,77,72,241,76,144,277,150,92,53,166,226,224,201,15,193,263,49,215,216,62,207,162,293,272,160,3,36,181,236,30,182,199,202,171,259,28,57,87,289,0,1,0,0,254,261,250,255,168,170,171,8,226,79
173,93,76,50,0,42,156,33,289,229,116,154,62,182,293,74,115,13,42,222,116,135,68,201,132,235,7,54,134,107,171,194,255,89,93,257,258,266,173,38,35,195,147,190,4,254,227,256,232,92,299,104,60,0,1,0,0,248,114,86,187,81,1,253,35,246,288
242,198,84,51,0,250,7,46,20,88,107,43,233,176,190,144,132,27,165,169,11,144,283,68,42,91,243,102,210,225,181,207,12,155,7,211,198,111,71,254,53,122,83,262,235,183,193,115,2,157,129,32,264,0,1,0,0,208,166,235,316,223,280,255,93,164,6
56,69,64,52,0,67,232,38,293,24,150,128,20,191,252,24,119,61,158,127,254,286,163,258,21,38,229,74,12,219,53,160,40,154,131,163,219,317,74,10,196,88,40,265,274,292,7,141,44,89,190,61,159,0,0,0,1,196,116,298,13,8,21,88,118,147,126
278,171,217,53,0,108,288,39,21,249,21,251,221,17,39,174,242,113,4,121,89,189,116,222,159,170,75,236,144,96,124,85,183,236,19,187,82,143,52,240,161,61,313,62,102,93,122,307,133,233,262,155,39,1,0,1,1,18,137,70,112,140,222,240,215,63,269
155,84,23,54,0,110,115,41,30,17,130,212,164,201,177,88,193,92,95,158,32,86,11,56,94,129,170,29,7,195,38,138,218,102,112,103,132,261,40,86,225,132,0,5,314,142,76,239,279,200,122,42,101,1,0,1,1,253,279,238,102,7,42,77,158,242,311
28,241,128,55,0,278,160,43,31,241,23,160,251,236,131,19,308,39,28,150,165,253,114,182,208,252,249,151,224,210,35,45,210,231,247,74,40,162,208,303,105,161,25,260,222,68,45,302,92,97,106,142,213,0,0,1,1,20,306,164,231,259,298,210,160,236,201
60,291,57,56,0,89,70,45,70,124,151,48,140,267,271,23,288,68,178,272,200,233,75,133,261,255,5,190,58,43,22,275,5,74,243,159,304,25,289,65,286,90,198,23,208,286,278,154,233,23,289,99,114,0,1,0,0,308,317,139,116,121,14,9,242,304,133
146,292,265,57,1,139,273,26,2,262,18,257,272,98,115,243,253,88,31,33,186,160,166,185,178,146,22,12,1,279,188,0,264,247,35,281,111,298,23,125,189,104,305,39,31,285,120,269,49,289,283,72,219,1,0,1,0,2,180,308,26,1,0,273,53,218,243
171,288,254,58,1,133,296,26,140,297,7,260,55,3,297,248,254,70,263,227,113,205,20,23,240,125,6,114,35,42,271,280,6,108,189,302,316,223,26,193,309,100,50,293,244,317,307,85,303,193,160,29,312,1,1,0,0,316,178,302,18,76,2,138,279,298,273
289,139,157,59,0,288,56,43,217,82,132,26,290,127,10,226,84,61,152,66,223,234,280,9,67,145,203,25,211,257,42,170,145,50,164,130,202,238,249,36,76,309,186,183,200,215,172,320,311,2,54,168,45,0,1,0,0,267,131,226,235,158,16,103,30,254,318
85,234,80,60,1,107,86,45,266,247,154,92,170,237,291,27,310,101,96,7,202,25,244,109,86,82,258,131,243,163,94,79,83,167,125,109,117,91,43,289,21,294,61,70,68,257,67,157,65,239,253,256,222,0,0,1,1,213,320,107,158,253,294,64,52,301,49
280,15,92,61,0,309,264,25,132,271,6,155,250,261,149,18,317,37,130,1,175,264,26,17,221,136,97,138,226,201,56,38,168,147,270,146,4,146,13,293,67,53,162,235,87,99,32,16,123,91,78,97,70,1,0,1,1,25,319,201,144,282,256,239,145,261,57
201,301,253,62,1,66,106,37,160,115,168,0,125,83,24,283,24,122,185,23,273,271,208,237,33,45,80,35,28,27,134,11,281,266,42,298,232,316,246,0,214,162,46,216,257,16,287,188,58,138,213,280,33,1,1,1,1,89,34,12,206,14,11,308,39,77,100
127,260,94,63,0,76,109,37,83,65,163,0,30,82,118,191,36,122,4,121,89,189,115,222,160,171,225,181,150,2,220,8,283,278,13,305,23,235,204,194,247,227,72,247,74,0,290,304,235,240,112,148,302,0,1,1,1,90,154,3,159,114,229,312,199,149,256
294,221,177,64,0,98,50,43,152,112,164,18,211,130,134,294,77,68,150,28,284,39,219,67,224,103,88,199,85,119,119,73,188,189,43,94,123,229,89,186,206,130,136,157,302,84,185,308,160,53,266,160,207,0,1,1,1,167,106,103,236,98,121,166,194,172,255
309,35,319,65,1,223,1,57,195,197,129,171,315,162,152,282,217,1,117,264,224,75,80,111,187,259,110,200,88,102,159,88,192,190,184,11,110,159,178,155,211,108,116,248,264,81,201,212,304,115,170,22,214,1,0,1,1,72,28,45,320,82,126,101,252,223,297
236,168,49,66,1,262,0,59,183,36,167,37,316,230,3,274,177,0,127,213,40,215,2,24,107,189,107,219,173,101,152,93,169,215,58,243,74,154,30,269,170,194,204,219,209,147,216,12,12,107,137,62,106,1,0,1,1,28,89,151,319,130,266,258,280,297,9
295,64,173,67,1,244,2,58,32,212,49,159,307,198,287,28,314,1,213,242,277,138,157,57,256,197,248,286,201,286,4,257,242,0,54,171,129,102,28,290,57,178,221,315,319,319,2,125,287,118,261,38,223,1,0,0,0,16,207,320,310,303,306,301,319,153,299
57,138,165,68,1,291,126,34,42,253,41,188,237,158,104,200,192,51,278,146,106,143,15,13,243,78,16,69,57,32,251,278,24,39,312,265,308,269,7,184,313,232,133,67,296,305,319,47,88,36,196,197,310,1,1,0,0,310,100,276,243,69,51,254,239,89,105
63,242,306,69,0,33,175,37,110,32,166,0,2,29,184,118,4,122,24,209,108,145,78,205,123,222,114,168,137,8,253,17,266,242,120,318,11,201,77,243,302,47,151,169,307,12,280,266,181,66,37,92,286,0,0,1,1,129,118,20,51,138,217,313,273,152,169
11,317,310,70,0,176,43,45,84,100,153,26,282,214,36,276,128,61,62,53,241,51,190,123,117,135,46,235,138,130,81,80,150,238,14,234,49,175,70,225,212,155,108,179,293,225,28,21,7,192,279,41,166,0,0,1,1,55,125,140,295,137,206,285,270,83,7
243,261,87,71,0,286,149,41,200,125,43,224,184,54,98,152,165,44,261,154,162,61,257,266,3,21,0,162,61,282,31,105,253,12,169,249,116,312,9,92,59,190,225,161,180,318,1,62,52,127,183,132,252,0,0,0,0,30,159,318,201,72,7,290,178,154,31
189,266,270,72,1,37,164,37,129,48,166,0,4,39,184,118,6,122,177,34,268,18,241,58,129,70,43,152,167,15,201,9,277,281,97,315,17,232,295,16,298,263,189,232,252,66,267,74,38,285,235,235,134,1,1,1,1,76,105,17,50,150,64,309,218,160,14
204,254,251,73,1,69,218,36,225,255,75,178,14,20,295,103,227,99,21,83,167,59,150,194,115,141,88,199,85,119,119,73,188,189,64,158,135,278,110,37,293,286,13,231,268,232,21,11,156,4,187,158,228,1,1,1,1,74,115,212,175,74,78,220,268,35,146
268,45,117,74,0,145,215,47,73,246,52,199,84,36,229,111,247,72,0,143,93,183,107,221,155,179,218,225,174,122,138,125,86,233,36,151,142,96,120,211,132,142,6,221,290,237,93,1,10,8,294,147,57,1,0,1,1,82,246,211,45,189,263,187,230,258,3
311,312,199,75,1,162,201,45,257,146,106,41,171,139,68,15,188,75,4,121,89,188,116,222,160,170,240,226,78,131,104,214,147,268,218,12,166,163,227,56,195,258,14,154,132,117,220,294,205,232,241,79,153,0,1,1,1,246,280,61,17,100,236,19,188,299,248
109,205,260,76,0,34,92,47,235,13,168,90,160,40,41,283,15,85,174,280,157,93,66,163,248,202,208,7,203,214,278,260,250,254,246,299,315,115,4,265,121,317,192,283,210,266,313,237,8,94,172,249,301,0,1,0,0,297,93,303,244,125,27,268,23,193,15
164,244,29,77,1,136,220,44,106,275,35,238,124,8,237,206,106,23,273,9,57,70,41,6,93,51,116,277,135,260,120,233,2,82,29,238,58,172,129,253,197,117,26,263,266,278,5,66,106,121,251,230,68,1,0,1,0,195,58,310,24,205,228,28,309,271,73
252,95,19,78,0,25,219,43,125,85,132,44,104,233,158,61,204,61,252,51,244,71,37,264,5,20,147,164,41,95,241,134,58,45,22,279,215,243,31,183,248,55,109,222,270,209,234,40,144,69,152,289,161,0,1,1,1,204,208,260,84,56,115,269,214,108,90
250,183,14,79,0,206,275,39,319,290,33,136,257,210,128,21,313,34,186,210,24,122,277,60,53,101,69,197,11,12,123,270,37,44,69,271,320,62,0,309,320,78,294,28,163,269,291,274,22,164,290,273,107,0,1,0,0,301,304,27,224,20,108,246,315,186,88
192,28,138,80,0,13,194,45,127,97,145,70,49,118,214,97,167,101,44,137,101,48,247,103,64,139,102,66,168,234,76,70,93,76,200,17,161,257,133,99,122,264,191,202,306,167,137,140,189,272,188,19,69,0,1,1,1,141,233,224,61,120,160,30,91,168,158
18,204,272,81,0,252,120,34,261,228,106,86,266,258,167,9,296,93,26,126,161,252,122,190,210,237,250,271,114,106,164,163,62,222,221,14,112,136,280,279,235,95,31,218,128,175,155,193,218,278,19,233,133,0,1,1,1,137,296,53,184,193,285,39,249,140,246
285,109,208,82,1,166,159,39,161,81,116,241,18,6,246,185,46,124,200,173,250,53,198,242,289,293,194,10,34,256,7,145,161,40,77,184,106,258,80,190,102,226,275,81,263,114,111,106,62,113,199,231,52,1,0,0,0,215,27,279,76,19,63,108,48,38,86
198,264,202,83,0,144,205,41,249,179,116,79,238,232,75,76,209,45,256,24,197,283,141,27,254,118,62,121,165,182,25,187,160,202,137,180,105,219,29,203,131,310,100,189,305,148,182,104,159,132,87,90,145,0,1,1,1,202,240,244,41,134,75,186,157,250,114
141,41,15,84,0,146,214,13,317,257,99,189,117,43,254,240,35,33,83,106,111,219,159,248,295,7,277,193,77,109,111,35,162,251,122,105,136,290,310,312,310,315,149,257,96,264,25,169,197,295,27,68,117,0,0,0,0,125,134,51,34,58,309,49,285,319,184
318,2,9,85,0,159,125,31,267,202,117,153,82,239,282,37,248,60,55,49,215,34,182,156,111,120,97,138,226,201,56,38,168,147,291,13,41,82,109,171,38,297,196,31,37,92,41,267,68,261,265,176,247,0,1,1,1,117,271,82,182,251,178,16,73,216,177
315,314,318,86,0,131,190,39,134,157,123,129,264,94,25,214,140,114,29,42,190,155,165,178,172,151,164,85,266,236,12,204,213,185,263,214,66,70,6,308,9,289,41,304,148,211,16,248,66,271,104,200,271,1,1,0,1,108,87,236,209,249,253,179,38,16,240
277,247,82,87,1,41,173,37,97,32,163,0,34,30,52,245,9,122,32,91,60,186,234,177,85,134,8,205,146,34,115,26,263,220,27,284,14,210,166,256,257,19,270,237,27,53,179,232,297,248,275,270,93,1,0,1,1,78,79,25,78,151,167,297,247,121,258
110,36,222,88,0,194,297,21,292,292,16,94,12,169,257,56,266,42,224,64,70,161,38,283,16,10,252,24,62,264,58,167,88,54,265,37,235,280,252,278,70,98,177,188,110,222,51,30,34,155,83,298,138,1,1,0,0,209,221,243,81,60,281,145,28,136,27
87,136,24,89,1,23,188,41,40,4,141,144,44,241,222,51,229,94,50,80,182,270,147,179,237,231,119,142,228,189,105,43,173,152,273,60,48,117,216,113,163,276,250,143,13,127,43,220,67,100,142,154,27,0,1,1,1,12,163,209,232,231,171,125,211,8,252
174,113,231,90,0,302,292,8,237,299,4,255,137,22,248,142,264,38,277,59,43,221,22,43,87,49,286,97,191,93,215,49,156,196,295,25,274,260,313,315,280,312,123,294,241,220,89,32,109,81,88,219,206,1,1,0,0,36,37,24,283,117,320,151,125,48,119
92,209,96,91,0,95,282,37,165,237,68,46,113,197,61,130,237,71,223,182,258,8,225,73,196,76,31,112,195,45,116,273,7,23,109,264,305,12,145,205,160,97,202,138,168,300,245,46,24,214,222,210,34,1,1,0,0,306,211,206,105,247,220,208,170,112,19
81,229,233,92,0,83,60,45,91,84,162,13,53,175,233,109,93,76,18,102,172,57,148,186,110,152,75,236,144,96,124,85,183,236,214,35,43,134,181,172,266,157,87,239,75,54,129,265,43,227,82,112,245,0,0,1,1,158,222,68,141,173,202,63,262,264,84
100,104,295,93,1,60,135,37,150,143,162,2,141,125,24,269,47,116,235,130,72,60,221,281,276,290,88,199,85,119,119,73,188,189,76,168,92,236,286,19,300,305,65,199,195,169,171,78,53,67,185,287,48,1,0,1,1,136,103,196,190,108,150,216,260,74,20
284,76,30,94,0,241,73,29,58,156,132,8,253,173,15,271,95,108,77,118,80,166,154,249,293,8,75,236,144,96,124,85,183,236,11,170,77,106,88,281,217,129,97,201,58,75,147,192,180,276,215,63,85,1,0,0,1,66,152,36,256,171,268,261,216,114,159
162,213,13,95,0,38,301,35,167,114,73,115,63,132,63,180,142,62,204,193,7,266,202,0,51,150,244,272,126,129,126,190,16,187,26,251,64,173,205,235,141,50,183,48,188,210,17,102,151,178,22,266,89,1,0,1,1,118,237,240,11,190,287,226,286,232,78
44,189,169,96,0,266,245,36,119,240,22,236,159,165,211,31,294,72,268,202,83,37,19,22,206,77,33,64,31,5,280,283,84,24,289,182,317,230,39,196,319,281,237,187,150,288,318,7,1,5,32,293,116,1,1,0,0,319,254,255,200,45,9,161,312,67,2
202,65,112,97,1,47,78,47,221,16,168,90,176,55,65,283,43,85,49,212,184,258,87,155,207,272,215,253,145,178,98,110,42,260,172,80,44,95,261,137,236,111,51,249,283,120,11,110,272,32,75,20,253,0,0,1,1,97,76,188,230,188,261,44,283,174,211
70,18,135,98,0,234,224,34,193,256,56,253,220,73,242,69,300,118,157,93,14,175,282,86,54,73,77,82,265,247,21,161,144,165,301,58,134,60,99,217,45,278,181,194,67,160,69,172,192,114,158,109,296,1,1,1,1,139,291,220,87,289,79,2,56,165,241
121,207,31,99,0,111,187,43,181,161,102,142,56,278,296,33,305,34,12,86,84,200,133,227,179,154,72,144,47,140,103,78,195,171,78,69,156,249,163,83,198,164,157,60,15,40,180,303,148,297,236,80,99,0,0,1,1,155,302,55,89,51,15,139,163,181,290
160,30,239,100,0,104,204,45,274,222,90,61,132,146,143,71,201,46,243,3,174,280,140,134,35,47,211,204,86,137,95,101,96,207,188,110,51,218,255,53,267,257,145,210,227,32,73,173,77,119,244,27,195,0,1,1,1,193,232,124,108,111,157,131,228,252,62
175,115,43,101,0,24,110,47,43,3,167,222,153,1,41,287,12,132,1,144,93,183,107,221,154,181,182,71,272,227,52,184,133,123,152,196,169,69,62,252,19,259,211,114,78,205,154,251,314,250,29,153,150,1,0,0,0,138,23,259,198,279,271,81,42,39,305
230,126,229,102,1,196,32,37,12,48,163,0,74,200,175,119,110,122,7,181,99,170,96,214,144,204,45,143,154,23,129,3,282,283,48,289,26,225,302,18,252,299,315,317,316,8,275,270,238,168,268,82,38,0,0,1,1,22,262,5,241,141,135,306,155,201,104
208,295,267,103,1,160,117,36,214,76,154,43,218,282,161,45,250,68,99,99,21,174,272,106,49,109,61,122,232,228,65,25,209,178,126,20,85,126,207,156,138,295,104,98,42,100,145,183,267,197,319,240,281,0,0,0,0,77,266,116,82,242,87,84,126,120,254
305,253,161,104,1,265,84,39,66,205,100,161,309,49,2,298,54,81,262,239,95,72,90,262,290,282,10,123,256,81,84,279,11,118,311,280,299,3,38,301,306,249,245,279,207,275,302,54,292,149,260,288,54,1,1,0,0,311,53,270,168,308,233,57,291,189,228
247,298,242,105,0,120,51,47,133,41,155,122,189,90,79,246,68,94,68,226,188,254,76,143,212,274,120,188,107,134,203,115,220,209,306,118,206,58,235,35,137,17,42,121,52,154,124,244,273,159,114,54,75,0,1,1,1,170,121,87,286,155,176,56,143,192,235
308,102,159,106,1,53,140,45,80,6,154,116,214,265,93,59,235,68,94,229,209,276,86,126,242,279,123,91,26,135,218,116,206,101,233,108,248,246,182,47,274,151,110,162,308,109,219,284,316,10,200,241,229,0,1,1,1,235,283,172,91,28,36,55,162,243,314
156,176,275,107,1,313,40,34,0,145,26,163,291,87,48,70,283,125,197,276,136,89,161,141,218,174,275,274,160,4,2,285,4,270,310,104,307,1,139,314,307,56,266,105,300,255,46,76,274,77,47,52,319,1,1,0,0,317,175,11,315,240,311,14,317,19,203
129,215,300,108,1,197,184,29,208,169,128,31,26,167,198,170,79,79,75,254,128,115,52,187,158,248,190,191,97,60,266,47,229,174,91,293,256,116,293,5,157,121,126,126,261,157,250,258,204,30,225,85,121,1,1,1,1,211,150,110,6,156,22,227,127,231,192
246,23,122,109,0,1,239,41,155,1,165,127,72,213,154,164,111,76,78,258,129,113,49,184,167,250,239,251,141,133,82,147,56,255,148,31,71,137,230,148,251,189,106,292,177,36,167,249,202,43,316,315,288,0,0,1,1,23,164,130,109,136,247,99,292,73,284
223,228,102,110,0,50,137,37,147,73,166,0,51,55,52,254,16,122,3,162,96,176,102,219,151,191,57,165,131,17,96,10,270,275,2,266,93,187,253,140,232,233,113,27,83,7,257,298,226,95,249,77,65,0,0,1,1,50,82,6,138,106,154,302,173,119,242
73,121,69,111,1,274,8,49,205,28,149,135,313,184,8,296,64,18,249,90,46,90,29,271,2,18,192,88,264,164,225,243,36,35,225,135,263,20,154,145,28,242,67,273,271,299,52,34,29,126,310,3,128,0,1,0,0,275,49,265,313,293,260,75,70,191,26
47,231,268,112,1,156,52,52,130,44,112,65,199,28,100,178,87,41,205,191,138,220,177,287,0,17,261,154,245,146,219,174,52,100,185,268,261,38,309,68,61,152,69,226,215,279,57,84,18,122,23,71,242,0,1,0,0,81,31,252,282,283,291,197,105,81,45
104,52,88,113,1,2,243,45,212,52,162,51,176,216,65,140,168,76,1,144,93,182,107,221,153,180,98,99,27,157,83,97,205,144,204,30,210,300,91,11,238,154,21,208,106,144,99,311,61,236,212,10,293,0,0,1,1,191,231,115,64,17,60,43,117,203,264
165,199,151,114,0,114,222,41,85,230,66,151,50,112,261,117,232,52,108,270,143,100,45,171,198,244,140,213,190,54,234,178,128,216,250,176,245,26,298,26,112,60,215,51,137,83,255,187,198,49,271,123,55,1,1,1,1,145,215,52,35,241,50,109,150,244,191
95,20,119,115,0,231,93,31,96,194,84,196,200,179,183,203,178,65,9,95,85,198,126,226,176,159,75,236,144,96,124,85,183,236,168,3,81,110,201,162,297,241,302,63,55,52,62,293,172,288,288,146,185,1,0,1,1,114,145,30,276,157,153,53,259,130,220
3,5,259,116,1,264,302,45,252,300,2,250,202,166,250,34,318,9,168,165,147,73,189,251,300,0,263,179,53,73,238,98,228,237,279,4,176,248,296,248,260,92,264,17,82,149,156,82,265,259,45,150,125,1,1,1,1,165,311,15,199,80,282,150,184,257,156
69,302,240,117,0,165,229,41,255,25,90,184,115,119,103,137,138,60,51,216,56,128,235,129,70,210,143,157,222,158,92,109,102,137,285,57,34,49,100,271,60,114,229,184,312,182,71,202,173,131,269,284,210,0,1,1,1,6,54,122,246,246,200,157,142,6,261
194,88,304,118,0,271,193,39,286,272,48,213,245,170,225,48,316,91,0,143,92,182,108,221,156,179,88,199,85,119,119,73,188,189,75,199,67,237,93,112,240,260,60,296,112,47,108,309,203,188,96,14,234,1,0,1,1,56,294,58,263,90,68,238,202,57,302
34,165,210,119,0,184,33,47,113,62,134,91,98,136,238,93,183,76,69,157,87,167,95,276,14,32,167,222,181,89,224,62,217,244,280,290,7,128,165,270,215,33,85,84,45,131,232,8,257,6,31,74,266,0,1,1,1,93,228,215,298,198,258,267,297,146,64
298,271,152,120,0,119,153,26,192,178,103,182,196,264,256,146,281,54,36,217,112,139,72,203,128,233,28,172,250,194,207,169,27,99,308,66,164,22,239,132,90,18,18,123,245,49,105,17,141,183,145,299,16,0,1,1,1,116,243,141,266,305,107,26,151,70,190
93,137,282,121,1,105,259,39,185,252,58,176,64,77,193,47,219,82,210,4,23,213,32,7,92,58,88,199,85,119,119,73,188,189,72,131,56,202,60,261,223,76,262,128,50,104,115,119,229,163,61,127,180,1,0,1,1,94,185,131,134,99,210,218,226,105,127
320,3,178,122,0,168,65,49,296,20,158,123,247,26,60,284,18,35,85,194,28,137,264,96,43,142,182,71,272,227,52,184,133,123,217,87,178,71,198,174,34,307,64,310,166,189,123,222,217,317,53,86,250,0,0,1,1,182,20,105,179,297,251,24,37,177,281
187,313,298,123,0,55,181,52,294,180,148,36,311,240,6,207,208,14,3,162,96,177,102,218,150,191,86,59,119,232,17,50,153,73,25,137,158,199,81,222,73,112,35,299,189,31,54,285,3,304,100,15,265,0,0,1,1,64,226,126,86,92,159,191,62,272,18
125,96,283,124,1,49,142,26,46,101,138,139,47,268,284,57,228,83,173,25,55,261,6,18,231,114,178,73,180,190,211,53,92,10,281,90,182,268,131,34,101,229,101,55,1,270,87,147,183,210,18,212,109,0,1,0,0,157,196,281,171,116,112,45,107,54,253
61,85,143,125,0,189,248,43,102,287,19,223,15,37,289,154,260,58,90,252,193,248,63,136,222,276,136,53,158,169,260,87,189,81,245,303,239,145,243,25,91,37,296,91,170,226,206,238,170,33,240,202,291,1,1,1,1,142,56,207,94,166,30,259,60,46,247
23,140,203,126,0,310,178,32,299,294,32,50,201,222,210,26,315,71,176,261,249,241,105,80,262,266,30,281,65,7,205,271,8,63,138,228,226,34,24,296,314,63,142,74,304,249,297,150,299,117,154,133,224,1,1,0,0,307,318,21,207,204,191,242,316,233,162
206,12,6,127,1,255,34,41,224,92,151,66,179,214,230,127,202,68,7,180,99,169,96,214,146,203,89,58,121,230,40,36,185,90,190,15,139,241,141,94,115,234,59,281,158,56,81,155,221,298,155,246,189,0,1,1,1,121,248,135,185,129,111,29,71,221,200
123,160,266,128,0,5,267,45,172,54,145,34,87,151,82,49,122,84,84,260,135,111,48,181,173,251,177,214,187,90,258,28,241,259,38,247,145,119,195,206,150,96,92,163,190,202,241,218,174,48,136,195,304,0,1,1,1,54,217,186,14,203,163,272,219,167,182
163,187,105,129,0,269,200,23,275,162,84,157,54,156,174,159,104,71,238,63,35,151,7,37,232,59,70,147,45,142,63,100,165,148,203,29,78,234,47,192,292,120,291,32,155,15,153,122,135,41,282,167,147,1,0,1,1,143,155,114,129,57,101,113,206,134,56
118,61,276,130,0,22,247,43,251,72,148,87,66,128,148,253,62,60,246,224,50,141,8,232,28,41,233,148,255,33,284,231,238,273,298,147,267,10,276,82,49,86,208,291,93,267,285,113,193,19,52,94,170,0,1,0,0,290,14,144,98,309,73,121,119,27,263
319,31,11,131,1,297,108,28,27,204,36,246,185,38,181,265,141,80,59,223,229,81,101,114,112,261,148,61,276,244,112,175,167,149,303,56,218,27,45,230,5,250,178,36,57,171,112,216,275,275,5,244,311,1,1,1,1,52,32,170,294,302,216,91,18,34,293
7,186,215,132,0,277,104,43,79,120,92,7,229,276,126,4,298,68,3,162,96,177,102,218,151,191,153,32,89,237,72,59,201,72,236,21,238,305,64,15,113,205,241,149,16,76,70,59,140,0,70,203,14,0,1,1,1,40,173,277,208,47,58,162,57,2,236
112,268,137,133,1,178,22,45,76,69,167,13,228,230,165,274,161,76,118,207,270,273,144,63,253,275,241,84,123,200,217,192,18,67,293,89,214,68,247,81,66,71,48,115,254,119,114,77,30,208,67,294,1,0,1,0,0,221,97,185,275,162,237,13,67,65,145
105,81,113,134,0,275,91,45,64,149,81,140,280,234,72,52,289,66,207,246,203,47,100,270,13,26,193,37,259,208,148,225,106,85,268,61,295,15,213,100,16,149,138,290,233,216,126,145,228,56,44,243,227,0,1,0,0,228,297,217,202,294,179,51,15,224,102
5,4,8,135,0,228,23,45,14,64,121,13,204,164,123,147,155,76,192,73,246,294,192,234,78,62,64,171,51,91,191,146,182,20,70,152,170,267,111,71,202,148,235,244,203,145,63,118,113,25,148,223,74,0,1,1,1,242,182,228,273,73,123,200,205,173,80
51,51,139,136,1,82,304,17,316,258,63,235,123,113,87,302,38,12,175,104,237,297,180,130,273,216,133,221,176,87,187,103,174,218,160,26,168,81,202,149,208,220,115,274,142,194,42,111,242,268,4,186,0,1,1,0,0,152,26,98,27,224,48,62,234,300,257
36,249,273,137,1,54,258,34,188,35,142,195,10,19,217,66,30,125,61,220,71,230,242,101,71,254,131,185,102,124,149,84,176,164,153,76,120,161,140,175,172,128,146,43,135,195,196,234,168,167,109,23,248,1,1,1,1,51,45,152,2,107,54,25,179,95,244
306,262,97,138,1,122,269,35,166,174,65,143,39,61,146,262,61,42,260,245,117,112,24,47,246,124,26,55,281,38,286,24,262,125,215,189,252,24,259,31,72,126,222,64,292,271,310,60,256,29,121,165,129,1,1,0,0,295,249,234,12,319,8,223,99,317,60
113,103,228,139,1,254,14,41,3,187,112,64,138,91,263,54,257,130,226,256,235,249,118,113,266,225,59,182,20,240,113,224,245,151,50,275,183,190,197,158,126,42,171,301,228,260,88,90,262,22,191,119,202,1,1,1,1,230,270,294,242,42,71,250,166,132,154
274,216,72,140,0,68,227,39,19,33,82,232,24,104,235,30,218,114,4,121,89,187,116,222,161,171,254,167,219,176,33,86,163,198,62,174,89,183,218,246,96,291,311,41,97,124,38,300,157,256,301,106,102,1,0,1,1,19,165,162,197,197,297,224,161,11,267
144,305,205,141,1,216,179,34,6,216,61,179,248,189,111,32,274,119,220,197,61,66,1,10,174,102,111,110,214,278,248,120,276,42,95,297,282,41,82,219,4,177,255,136,152,310,256,89,215,20,69,1,307,1,1,0,1,110,235,313,69,267,155,303,27,43,216
310,238,93,142,1,39,175,37,101,32,163,0,5,29,173,124,7,122,171,27,283,235,206,246,25,37,204,158,237,20,0,282,286,97,46,317,234,86,96,215,203,254,248,118,120,268,311,152,45,301,120,135,22,1,1,1,1,318,192,149,28,276,293,320,302,284,237
213,287,48,143,1,40,137,37,98,32,169,0,89,55,24,286,8,122,133,108,90,163,181,253,299,4,68,175,125,9,68,22,269,279,66,306,8,192,305,76,268,135,124,311,115,10,253,179,176,246,15,229,211,1,1,1,1,15,16,2,219,113,215,307,217,26,231
283,243,206,144,1,124,263,37,145,185,69,59,40,108,124,108,151,79,180,62,279,239,250,28,192,161,23,203,104,35,27,272,43,177,103,296,283,57,75,258,249,217,90,33,193,298,309,10,276,71,175,102,82,1,1,0,0,299,183,197,68,145,122,294,244,157,77
260,91,124,145,0,209,308,3,105,303,0,261,100,2,294,179,280,96,156,128,12,82,0,31,116,94,155,46,240,251,6,162,151,96,108,85,188,149,65,234,30,243,299,186,70,111,58,91,122,24,20,157,177,1,1,0,1,29,102,178,183,234,147,185,33,86,195
84,151,192,146,0,84,103,39,37,7,131,204,17,69,258,190,63,100,236,19,276,208,240,59,257,93,268,20,162,203,161,249,232,211,272,8,264,310,34,295,74,3,63,245,298,250,233,22,178,196,119,134,36,1,1,0,0,286,64,280,189,135,299,47,40,78,148
143,127,129,147,0,35,197,47,220,96,161,7,283,235,7,189,170,68,242,8,44,32,227,238,275,288,94,207,79,138,150,71,69,107,194,295,2,250,14,250,242,4,213,167,231,65,132,13,11,86,246,215,90,0,1,1,1,88,191,261,111,109,267,249,294,88,8
126,70,179,148,1,258,90,39,92,186,96,93,165,65,130,212,58,65,10,187,100,162,94,212,139,208,156,231,164,39,254,200,97,158,211,79,222,35,238,73,201,124,207,68,98,135,225,127,89,93,51,285,87,1,1,1,1,264,65,44,80,211,124,21,212,238,101
227,33,184,149,0,12,76,40,118,151,167,20,285,266,155,169,196,41,6,111,88,191,119,223,162,167,56,153,229,215,50,55,81,138,128,39,73,141,231,181,146,283,76,76,53,125,86,190,90,187,186,248,63,0,0,1,1,53,197,155,239,237,195,85,177,145,225
39,210,284,150,0,138,46,52,271,63,161,18,302,55,4,292,17,27,136,82,13,178,279,95,50,86,134,101,29,156,88,156,236,186,12,217,246,297,18,150,116,16,16,254,104,262,226,160,293,247,263,213,277,0,0,0,1,214,9,158,221,21,118,248,83,215,249
183,146,2,151,0,181,235,6,311,267,78,194,157,50,247,256,48,52,2,155,94,180,104,220,152,187,87,248,127,64,109,149,110,224,255,67,22,142,183,114,272,246,307,125,79,20,138,286,268,190,56,26,256,1,0,1,1,86,24,13,155,169,49,52,254,166,306
148,13,314,152,1,36,144,47,81,26,147,81,91,251,223,3,277,85,12,86,84,201,133,228,180,155,51,119,56,161,147,64,187,172,149,78,149,209,236,88,216,266,95,57,29,227,134,9,200,74,245,58,94,0,0,0,0,183,312,180,120,53,81,89,195,217,30
256,174,207,153,1,158,211,11,305,220,132,25,21,80,204,89,31,108,227,262,217,123,132,210,285,15,130,0,202,245,11,281,104,115,135,312,312,200,1,285,143,302,280,124,279,307,315,71,281,134,34,272,108,1,1,0,0,315,119,287,100,123,223,298,9,155,178
108,54,299,154,0,191,27,45,18,19,144,146,33,208,288,112,185,75,196,164,269,3,201,84,216,83,266,105,269,162,145,252,49,94,307,149,266,14,244,313,13,0,30,172,239,230,187,75,26,251,24,296,309,0,1,0,0,260,189,233,287,312,302,70,45,72,38
179,141,26,155,1,248,198,28,262,268,42,240,146,21,199,121,157,72,35,179,173,255,103,169,205,264,88,199,85,119,119,73,188,189,41,140,109,217,152,161,231,185,295,34,100,137,101,219,59,198,210,43,208,1,0,1,1,106,179,62,147,101,114,189,198,266,75
226,308,234,156,1,71,158,37,117,89,147,0,65,42,28,242,29,122,245,39,198,35,73,279,24,281,160,1,277,24,107,276,272,277,51,319,310,197,21,238,46,174,68,6,123,256,320,33,108,156,302,5,313,1,1,0,0,313,69,28,177,275,259,319,4,36,151
229,306,162,157,1,33,175,37,99,29,166,0,27,29,52,254,4,122,126,65,274,16,211,78,165,106,121,125,198,13,261,7,284,284,16,309,249,42,283,97,103,22,84,314,169,26,300,70,146,226,58,250,92,1,1,1,1,61,39,7,70,228,61,311,74,97,149
40,251,200,158,0,45,199,47,56,129,130,30,188,243,93,68,234,60,234,120,68,65,173,267,284,294,230,198,109,50,226,218,53,173,284,120,247,40,284,28,110,48,158,119,151,107,259,96,83,87,91,263,303,0,1,1,1,259,268,91,38,186,138,20,152,229,43
37,147,236,159,1,205,289,21,131,191,34,234,205,269,121,225,267,19,92,20,6,132,40,54,77,97,173,161,215,114,160,227,130,210,60,203,193,55,54,282,52,127,309,93,121,121,244,170,124,291,220,275,19,1,1,1,1,238,292,76,95,254,204,232,116,285,147
307,281,144,160,1,93,196,22,5,233,86,228,23,68,276,165,76,117,166,253,39,96,262,66,63,137,165,276,136,92,168,165,259,6,237,148,31,108,135,191,279,91,212,73,147,38,210,124,309,235,255,98,272,1,1,1,1,171,67,219,33,199,244,128,308,100,268
159,225,127,161,1,58,63,51,229,132,143,100,203,35,94,273,25,26,275,188,180,222,18,4,250,119,83,176,42,74,257,119,126,145,40,283,253,129,264,61,193,25,243,261,221,95,229,130,301,175,313,88,115,0,1,1,1,245,21,112,265,71,77,235,169,207,171
302,248,125,162,1,48,300,35,288,270,50,207,71,46,47,301,32,15,281,48,59,50,35,206,120,14,220,216,200,41,282,94,154,170,240,285,277,9,307,7,167,39,38,295,291,241,271,50,101,72,198,28,15,1,1,1,1,279,17,101,72,285,106,195,176,274,51
276,129,61,163,0,135,133,37,44,128,122,23,76,131,132,238,89,87,98,67,265,27,199,92,118,121,187,124,155,105,185,226,112,106,105,241,268,78,172,136,92,165,217,102,38,165,221,129,85,249,107,81,139,1,1,1,1,273,193,129,47,176,172,147,89,278,44
0,157,5,164,1,294,18,47,63,110,144,52,308,163,22,258,197,93,114,14,3,218,214,21,55,89,272,89,9,128,37,193,207,232,23,231,121,263,106,223,133,35,176,158,278,242,82,189,249,160,149,78,83,0,0,1,1,222,122,65,305,11,301,230,110,116,212
221,279,174,165,0,39,175,37,101,32,163,0,3,29,179,115,7,122,91,124,45,246,269,70,61,172,191,65,231,30,48,6,280,256,39,308,9,228,203,153,119,212,230,220,234,4,270,215,206,195,264,290,173,1,0,1,1,37,149,10,49,210,239,310,103,199,139
271,163,86,166,0,296,37,49,234,166,84,217,187,81,255,198,173,25,38,71,62,197,233,191,88,126,2,284,108,280,77,106,256,61,28,200,61,171,59,280,200,113,166,110,10,312,12,299,93,287,308,174,163,1,0,1,1,17,120,314,176,184,29,263,310,195,292
182,217,262,167,0,306,20,41,137,116,119,44,249,199,145,133,182,61,159,140,107,153,187,254,302,1,271,201,48,177,194,91,47,271,294,18,79,239,285,307,273,10,89,313,156,174,223,56,261,283,307,171,299,0,1,1,1,113,202,50,251,78,305,27,196,208,136
157,82,108,168,1,59,183,36,67,43,102,187,41,256,265,65,198,34,42,222,115,136,68,201,131,236,259,136,252,132,200,181,113,183,182,97,255,50,306,260,55,125,12,11,7,132,242,168,207,173,86,271,164,0,1,0,0,162,219,95,169,277,290,136,101,156,227
35,319,311,169,1,225,97,39,68,224,72,133,114,184,226,290,101,7,103,267,142,103,44,175,189,247,179,83,213,168,204,132,120,87,271,133,250,224,254,14,79,253,242,214,144,133,165,198,185,31,211,96,151,0,1,0,1,166,70,173,214,207,94,190,88,247,107
98,63,149,170,0,185,69,43,45,144,124,45,262,220,110,155,243,67,233,149,242,292,217,217,76,69,151,92,263,185,227,244,17,31,242,132,300,4,266,127,25,180,226,18,206,233,258,97,35,84,231,278,47,0,1,0,0,266,273,245,119,310,98,15,29,265,34
281,107,101,171,0,226,172,43,302,192,98,141,298,174,38,139,286,67,14,196,102,158,91,209,134,211,127,30,87,249,24,48,197,71,144,123,138,273,95,32,129,296,310,318,0,97,60,31,39,44,306,136,137,0,0,1,1,101,298,177,149,52,67,93,58,249,134
14,10,313,172,0,7,277,41,169,14,143,201,57,85,137,80,100,110,270,204,9,134,251,110,30,46,242,108,23,150,275,259,265,7,267,233,296,245,51,64,63,24,93,229,303,303,306,42,225,111,105,170,30,1,1,0,0,298,162,306,37,31,165,219,106,124,219
134,106,44,173,1,214,116,45,285,167,126,85,292,260,101,41,307,68,123,116,10,164,276,88,41,99,89,58,121,230,40,36,185,90,57,166,113,231,134,122,81,187,214,133,64,90,18,26,286,166,132,320,317,0,0,1,1,123,309,157,220,122,105,172,77,179,140
197,123,271,174,1,300,244,37,34,195,17,19,197,229,16,2,295,87,60,244,124,120,54,193,149,246,256,270,116,46,216,223,90,213,318,32,237,30,314,288,159,1,24,111,232,34,260,313,320,145,195,37,35,1,1,1,1,236,269,14,99,273,300,115,191,79,319
291,245,58,175,1,154,161,43,33,159,51,75,148,70,117,42,262,101,179,5,163,214,43,268,282,291,184,145,49,155,158,111,251,194,102,125,192,198,61,42,147,199,306,86,161,130,173,175,103,311,128,217,12,0,1,1,1,126,244,168,272,70,134,245,138,75,98
258,148,130,176,0,127,210,51,301,296,19,226,226,129,268,192,304,4,269,50,272,231,162,231,34,44,183,4,73,285,235,164,143,3,118,230,292,287,35,117,26,200,62,303,218,316,68,25,130,202,41,297,80,0,1,0,0,271,289,319,114,93,69,241,14,315,131
138,46,109,177,1,142,9,51,206,183,146,32,198,127,277,148,233,30,108,270,143,99,45,171,197,245,24,42,94,268,23,118,33,37,177,64,208,306,132,21,125,256,289,141,21,246,8,185,227,34,166,317,10,0,1,0,0,174,286,296,259,63,34,35,86,310,116
43,239,292,178,1,249,28,53,213,90,125,72,301,75,18,239,107,29,20,105,204,125,149,149,119,196,213,146,227,216,36,60,85,168,111,227,21,174,136,163,100,247,194,159,20,94,85,240,46,241,318,316,316,0,1,1,1,46,117,167,249,222,242,205,148,225,110
38,60,315,179,1,304,255,25,65,139,10,233,93,116,105,158,174,28,10,187,100,162,94,211,138,209,265,106,36,125,240,159,95,122,296,83,287,276,291,101,93,7,318,2,113,243,276,3,269,17,43,137,279,1,1,1,1,187,174,123,124,37,288,124,59,239,5
266,273,32,180,1,211,241,23,306,250,80,130,35,141,253,96,205,79,203,249,81,192,270,32,66,149,128,242,148,121,249,21,179,225,261,42,128,59,271,77,261,143,156,50,295,62,262,99,277,224,71,8,318,1,1,1,1,75,267,64,44,260,40,98,204,241,85
111,230,194,181,1,149,185,41,298,87,124,162,67,101,203,138,126,67,45,206,222,83,112,118,109,253,236,67,3,206,16,220,254,229,201,77,196,288,210,41,230,30,319,320,320,51,191,69,55,320,140,237,110,0,1,1,1,194,128,22,204,12,174,176,49,128,16
149,296,280,182,1,9,271,37,74,38,147,1,6,132,189,12,112,122,24,209,108,145,78,205,123,221,49,246,147,116,121,104,87,227,212,38,45,118,188,119,255,209,70,90,284,27,176,292,191,62,60,67,268,1,0,1,1,79,295,153,1,175,133,69,265,235,186
68,92,286,183,0,171,83,37,36,104,135,0,78,114,80,157,94,122,5,171,98,173,98,216,148,199,175,52,212,28,89,13,278,4,53,307,46,252,277,57,77,311,28,155,265,6,283,260,246,207,49,283,5,0,1,1,1,49,184,32,297,161,270,318,79,49,239
261,67,45,184,0,90,80,37,53,48,169,0,175,127,24,286,45,122,54,134,194,275,130,159,235,262,235,178,169,1,137,51,268,249,0,286,131,152,146,245,135,146,246,215,212,2,292,296,167,106,66,114,275,1,1,1,1,159,104,0,250,124,269,305,129,110,226
264,307,170,185,0,52,176,41,87,86,129,131,9,7,218,197,13,99,109,151,54,247,3,16,130,198,270,19,177,229,165,239,136,176,107,173,289,293,123,294,2,80,320,1,315,273,240,5,134,12,102,70,53,1,1,0,0,274,29,269,63,68,304,146,5,148,4
99,299,81,186,1,170,262,37,146,55,91,11,48,76,33,60,78,103,167,163,29,225,286,51,46,110,124,78,268,175,210,232,79,92,180,291,225,45,22,176,41,198,258,113,173,261,140,224,312,305,77,281,28,1,1,1,1,261,188,274,7,307,219,233,61,204,223
158,188,308,187,0,132,5,52,95,75,167,37,303,190,127,288,169,30,27,110,160,251,127,195,213,228,181,40,254,254,18,168,137,84,176,86,167,184,194,103,62,298,82,176,285,213,188,301,220,264,257,69,113,0,0,1,1,229,225,183,303,248,232,79,47,292,279
161,58,33,188,0,37,58,51,210,9,162,107,216,39,62,279,14,30,14,196,102,157,91,208,135,212,82,230,63,108,54,166,248,262,1,195,159,227,122,189,184,156,155,130,299,70,64,272,119,141,304,100,148,0,0,1,1,175,33,93,290,61,190,262,246,211,218
80,110,155,189,1,229,114,0,318,279,132,68,77,142,251,175,44,108,100,32,207,289,175,160,264,215,161,118,247,192,142,54,158,128,228,124,95,77,156,139,68,206,105,289,130,247,91,43,86,150,111,279,157,1,1,0,0,98,66,78,296,286,168,170,63,123,48
263,48,307,190,0,270,74,39,265,136,117,78,224,120,89,201,90,46,87,167,37,224,267,75,48,165,107,219,173,101,152,93,169,215,119,164,87,147,209,131,188,269,132,207,139,180,186,227,199,140,90,110,295,0,0,1,1,134,158,80,172,183,125,165,213,269,166
115,226,55,191,1,137,238,39,142,102,81,209,130,157,200,25,276,99,132,41,280,33,215,71,195,113,276,117,220,180,62,20,219,201,257,40,47,176,185,291,176,304,36,236,143,276,24,101,72,199,108,211,23,1,0,0,0,4,256,202,92,216,310,111,185,98,143
279,250,146,192,0,230,234,7,260,288,47,243,213,57,231,220,136,89,70,170,91,156,89,277,12,31,75,236,144,96,124,85,183,236,216,153,20,150,112,45,228,237,267,24,44,64,77,261,63,129,163,301,261,1,1,1,1,31,57,40,217,149,52,134,225,115,230
30,150,46,193,0,198,202,26,313,281,83,183,234,196,243,90,271,44,74,160,259,38,169,83,106,183,228,100,209,243,73,89,50,77,249,253,27,207,260,109,75,231,75,300,134,193,9,210,23,229,84,145,262,0,1,1,1,140,287,213,125,243,182,119,98,282,120
170,290,277,194,0,3,230,41,254,133,159,37,16,207,278,95,213,76,82,156,216,288,136,140,255,270,11,282,82,160,39,245,41,264,277,72,12,101,103,214,304,141,77,175,48,116,92,158,223,85,64,262,143,0,0,1,1,181,177,221,73,128,17,74,313,61,298
58,87,246,195,1,10,169,47,71,45,160,99,145,15,40,285,20,115,194,265,66,88,252,91,84,143,255,265,111,37,229,196,117,230,116,154,175,83,167,106,283,84,228,278,236,118,110,98,230,59,291,206,64,1,1,1,1,224,48,79,65,154,296,83,293,161,121
48,120,115,196,0,15,252,39,291,227,136,58,118,202,182,123,160,40,80,75,208,260,256,36,80,229,273,269,118,44,131,188,178,274,113,213,30,212,237,210,263,251,152,69,43,103,127,217,166,215,238,196,131,0,1,1,1,249,242,26,42,133,307,173,290,306,188
255,280,191,197,0,126,250,38,141,188,102,192,86,66,176,65,150,124,229,205,8,105,263,34,57,81,232,111,70,152,262,30,235,248,174,212,187,178,258,33,183,140,47,271,297,158,224,53,234,152,293,238,84,1,1,1,1,144,74,198,19,97,35,120,132,30,199
46,274,111,198,0,169,88,41,69,221,95,84,94,238,273,184,225,20,131,275,168,212,51,148,228,260,163,81,267,211,69,199,129,141,241,141,233,19,229,198,18,77,316,0,310,102,94,159,284,130,242,191,186,0,1,0,0,226,253,143,110,304,240,122,41,283,35
88,197,75,199,1,26,286,29,171,140,113,56,75,64,23,297,5,57,218,250,218,26,222,241,26,40,17,279,98,14,146,268,25,18,254,106,223,31,241,257,312,150,285,77,286,293,314,134,280,70,267,45,178,1,1,0,0,296,62,128,10,182,180,135,318,251,179
94,75,250,200,0,208,66,45,82,67,111,124,225,252,153,67,270,61,116,114,158,40,281,15,36,115,95,259,120,115,176,107,108,169,88,258,33,123,186,188,224,38,54,92,253,35,218,161,56,194,223,258,146,0,1,1,1,104,275,142,302,187,218,265,277,118,67
103,285,70,201,1,20,130,47,122,58,163,6,88,44,79,216,39,102,138,109,285,69,204,45,211,169,166,27,103,253,61,58,191,57,104,167,185,256,90,120,42,166,86,242,258,143,162,163,15,221,218,220,182,0,1,1,1,103,78,263,75,75,116,178,25,137,47
257,47,248,202,0,150,170,16,314,223,128,88,37,34,270,215,3,45,264,38,206,31,28,12,215,56,197,77,274,183,91,230,76,111,276,160,205,17,57,267,1,223,148,240,183,245,66,213,264,11,280,40,132,0,1,0,0,256,10,194,118,298,120,61,17,194,259
304,164,188,203,0,129,3,54,61,12,162,119,279,214,207,264,159,6,63,221,187,256,77,145,209,273,4,28,283,271,189,1,260,59,195,252,32,165,130,105,22,306,259,3,3,236,113,277,255,40,250,107,91,0,0,1,1,0,43,286,318,281,32,279,65,33,301
220,196,116,204,0,215,26,54,282,135,120,97,310,138,57,128,236,8,97,177,281,68,172,52,157,226,55,21,5,284,5,133,246,11,33,240,177,289,12,202,83,107,180,134,262,313,13,255,94,177,92,39,183,0,0,0,0,84,151,316,248,4,65,276,85,182,285
132,105,85,205,1,106,305,21,244,259,40,80,28,168,85,84,92,37,276,117,34,94,27,20,163,57,189,9,286,275,228,172,203,139,47,260,275,16,104,284,10,67,210,284,260,283,15,20,186,112,203,253,29,1,1,0,0,251,139,305,5,320,277,289,10,169,29
19,175,213,206,1,97,101,45,211,15,150,124,70,59,157,223,37,61,122,92,248,267,156,269,10,28,105,170,249,191,79,96,215,8,163,101,83,88,83,227,108,277,317,8,2,212,33,226,31,143,159,209,37,0,1,1,1,164,146,288,101,258,224,59,187,275,68
102,1,156,207,0,73,165,45,75,168,93,24,46,248,260,14,301,76,151,279,169,207,55,151,239,239,40,208,8,6,267,269,38,46,244,188,306,21,288,78,311,115,220,38,204,291,298,49,20,128,59,232,40,0,1,0,0,305,205,34,269,24,10,148,306,9,109
137,177,189,208,0,102,62,45,22,11,155,76,193,247,159,85,223,76,216,257,58,98,258,79,82,123,212,47,64,52,276,254,67,49,297,218,314,264,281,1,71,32,290,250,199,265,288,73,243,58,85,36,267,0,1,0,0,294,281,190,192,89,38,36,26,253,63
75,132,257,209,0,164,6,50,24,2,158,116,112,184,266,168,83,27,53,238,123,126,58,196,147,242,145,215,183,70,213,140,155,214,49,204,152,79,175,241,156,82,2,13,317,91,175,247,241,57,312,124,44,0,0,1,1,201,148,160,299,220,196,243,271,206,277
20,119,243,210,0,61,39,52,219,77,158,57,96,72,205,167,41,27,8,101,86,196,124,224,170,163,75,236,144,96,124,85,183,236,30,126,94,153,164,200,295,222,120,87,14,45,144,289,99,234,217,105,98,0,0,1,1,192,147,88,188,143,198,168,284,311,130
135,144,281,211,0,101,138,36,153,53,124,177,13,123,281,101,121,83,240,22,5,106,31,172,29,36,60,268,149,80,101,144,224,17,191,246,5,179,184,262,303,66,99,127,267,184,135,83,132,79,7,9,306,0,0,1,1,69,111,266,227,191,245,237,311,17,165
77,72,296,212,1,187,266,37,94,141,57,47,107,29,13,261,52,62,248,36,17,76,34,243,280,289,168,113,253,173,182,83,138,124,115,250,160,56,226,111,44,106,168,49,196,190,106,281,87,314,162,276,59,1,1,1,1,115,140,231,40,300,230,229,90,212,76
114,19,187,213,0,207,298,35,17,211,9,225,192,272,108,122,312,12,212,29,2,190,152,240,281,9,63,174,206,170,29,179,204,250,171,127,114,74,150,208,117,235,304,83,122,86,136,138,115,133,2,180,171,1,1,1,1,70,315,165,67,230,177,221,200,296,94
200,240,123,214,0,245,278,14,26,264,14,137,162,259,150,202,210,15,139,100,199,42,151,285,1,19,117,38,71,259,78,32,71,26,117,121,122,253,113,91,89,219,288,58,77,181,157,241,32,116,206,185,42,1,0,1,1,87,251,246,52,64,74,207,66,302,52
300,263,196,215,1,213,152,37,28,147,94,103,142,230,136,219,164,49,259,233,79,181,230,280,277,280,44,247,189,47,232,234,29,157,84,282,201,54,212,115,104,26,301,148,248,73,248,48,289,73,189,292,111,1,1,0,0,269,278,134,48,269,173,198,201,309,36
241,193,175,216,0,293,163,43,170,142,44,170,305,257,9,55,299,34,257,175,148,272,266,49,101,128,202,150,236,75,264,216,221,257,90,222,271,23,242,144,47,94,283,100,275,196,274,58,201,206,125,181,43,0,1,0,0,263,276,84,291,299,164,274,81,139,82
74,162,54,217,0,123,136,34,159,173,142,63,294,279,95,199,273,60,135,44,31,277,36,2,79,157,154,130,239,205,199,15,237,195,226,114,72,127,269,66,136,270,55,99,281,105,204,191,131,101,270,274,144,0,1,1,1,35,259,166,126,271,92,116,146,135,266
26,68,77,218,0,148,254,24,253,91,75,191,190,211,92,40,176,54,195,136,109,133,212,282,298,286,9,243,184,196,157,126,26,191,238,150,38,138,177,134,239,287,175,205,145,162,148,94,213,274,157,11,221,0,1,1,1,24,167,257,196,229,20,160,289,52,150
119,155,171,219,0,246,129,43,72,80,69,230,81,102,234,82,245,91,48,234,120,129,62,198,141,240,152,260,76,273,239,16,271,86,278,129,98,148,245,118,222,170,94,268,81,284,284,211,298,76,314,312,4,1,1,1,1,5,218,311,164,119,66,283,276,102,309
64,57,28,220,0,32,240,39,295,119,158,39,134,207,140,172,137,68,12,86,84,201,133,227,179,156,274,133,197,166,9,153,132,184,37,70,163,206,87,306,65,57,139,82,11,28,26,295,112,300,315,178,249,0,0,1,1,124,94,48,77,144,308,152,92,41,294
269,101,214,221,1,140,287,38,272,219,44,105,131,178,91,22,259,45,148,103,267,2,205,89,168,88,72,144,47,140,103,78,195,171,197,7,119,181,179,79,241,191,131,106,273,122,163,117,37,257,276,51,220,0,0,0,1,32,123,67,121,59,37,164,174,15,103
45,206,301,222,1,298,72,38,77,95,60,221,127,121,216,209,145,44,225,208,245,278,170,200,287,13,283,275,117,25,172,253,74,285,127,215,133,121,304,166,229,176,52,211,159,39,209,108,295,174,50,193,231,0,1,1,1,250,59,9,288,181,315,215,300,122,250
191,200,7,223,1,63,293,18,278,260,39,249,52,48,245,268,55,16,202,215,33,117,275,64,62,100,245,189,241,165,180,212,21,136,229,19,254,64,311,300,78,40,253,12,149,61,53,37,245,191,13,218,168,1,1,1,1,218,46,147,56,296,279,5,137,270,160
122,89,303,224,0,281,67,34,264,201,102,149,151,140,232,171,113,45,251,243,131,262,255,55,102,173,112,49,278,151,212,261,44,119,282,239,298,6,275,54,124,290,118,312,178,302,305,103,210,45,209,304,149,0,1,0,0,289,130,247,205,315,93,169,84,227,135
62,156,274,225,0,112,29,47,120,118,166,3,80,127,212,135,80,85,184,113,271,285,194,82,268,214,97,138,226,201,56,38,168,147,101,226,25,186,225,138,154,303,209,258,198,101,168,194,16,218,179,13,188,0,0,1,1,99,227,249,123,264,203,214,168,281,13
97,27,141,226,0,103,191,47,50,206,85,114,222,187,125,113,278,74,217,52,282,44,223,77,259,79,75,236,144,96,124,85,183,236,151,142,18,109,118,272,294,144,240,21,167,23,40,51,57,263,131,17,190,1,0,1,1,107,277,146,88,192,207,155,299,176,33
50,211,118,227,0,153,146,36,197,182,142,108,271,58,21,272,57,114,41,201,196,43,106,146,98,207,100,163,44,85,143,155,122,160,196,6,130,160,72,133,175,93,263,131,22,17,164,116,147,225,33,120,141,1,1,1,1,153,22,31,107,55,89,7,144,62,202
49,185,0,228,0,182,208,26,149,261,59,206,143,225,244,43,268,64,48,234,119,130,62,197,140,240,251,173,43,110,85,136,194,223,15,221,157,275,79,239,221,173,282,135,73,24,146,253,263,82,303,183,140,1,0,1,1,109,204,54,194,36,283,275,180,111,265
136,153,67,229,0,14,148,51,38,27,128,193,286,227,45,230,187,21,219,6,69,216,13,19,233,64,153,32,89,237,72,59,201,72,157,49,217,299,66,30,97,133,49,256,256,170,90,153,75,39,74,265,73,0,1,0,0,127,169,283,218,54,142,104,76,188,168
313,257,16,230,0,75,139,52,309,152,158,48,295,244,49,53,249,27,7,181,99,169,96,214,145,203,280,33,262,223,173,130,48,15,253,43,285,315,317,320,0,228,114,196,54,82,231,195,100,124,6,224,160,0,1,0,0,216,288,256,195,180,316,32,2,263,164
270,203,278,231,1,1,239,47,177,64,165,13,176,213,41,164,129,76,162,174,78,108,210,263,292,297,52,229,179,117,155,117,80,192,199,44,88,93,196,93,253,261,80,297,184,71,198,231,164,105,284,204,308,0,0,0,0,135,212,163,66,200,140,80,274,131,175
13,6,290,232,0,280,77,38,276,244,79,202,73,110,262,166,143,53,81,186,30,142,261,100,45,138,99,234,163,68,198,131,164,234,248,128,189,32,294,17,218,119,143,104,61,44,131,221,143,148,254,149,290,0,1,1,1,161,52,18,301,209,72,117,192,87,174
272,235,166,233,0,92,128,43,238,232,134,14,25,270,299,1,311,76,121,176,132,19,274,26,37,111,71,202,75,77,97,154,118,204,183,244,29,270,76,160,291,23,163,206,165,13,151,174,27,184,258,12,6,0,0,1,1,186,310,71,156,96,128,228,235,99,108
287,43,309,234,1,94,212,42,60,280,46,256,119,41,259,193,171,47,140,56,183,28,9,1,90,104,145,215,183,70,213,140,155,214,143,139,101,130,263,85,234,288,268,16,85,115,207,203,102,312,1,2,320,1,0,1,1,177,35,66,115,201,161,126,251,103,124
128,29,153,235,1,4,182,51,25,46,161,185,110,14,144,204,60,131,34,26,185,165,168,188,184,140,74,238,140,100,74,108,149,217,63,75,102,151,240,95,282,255,154,89,18,25,121,196,9,154,296,55,212,1,0,1,1,21,1,118,54,105,82,31,267,0,189
17,159,110,236,1,284,49,36,39,78,97,208,155,147,241,150,206,106,183,278,159,95,69,164,252,194,39,224,100,19,285,247,14,51,208,269,257,47,272,48,149,5,205,15,153,309,317,142,79,315,55,225,24,1,1,0,0,280,171,161,289,235,6,236,175,51,72
207,289,288,237,0,295,89,15,51,285,8,229,235,24,170,160,71,24,124,159,236,0,253,39,69,108,21,183,60,283,28,121,233,25,159,177,118,196,221,104,84,131,140,217,92,314,4,6,308,318,151,177,209,1,1,1,0,7,8,315,312,146,181,287,171,90,55
215,86,133,238,1,46,281,29,223,18,131,112,135,109,20,229,66,103,47,225,118,131,67,199,136,238,262,210,90,36,250,222,98,161,252,267,290,144,299,27,139,15,45,319,5,172,273,250,294,176,146,313,3,1,1,0,0,217,170,56,22,127,278,87,112,230,304
293,219,50,239,0,118,64,36,89,9,146,107,90,86,163,205,42,76,67,17,221,237,183,147,230,182,142,41,74,218,32,197,171,110,156,100,229,214,114,180,88,203,9,192,125,217,119,200,118,307,219,53,176,0,0,1,1,244,99,175,261,62,104,102,55,198,193
55,62,289,240,0,292,19,36,1,83,77,67,239,122,113,102,191,111,113,232,114,109,110,245,296,5,149,223,69,127,166,127,125,114,147,119,53,188,126,226,285,139,257,213,101,179,118,165,253,296,40,143,297,1,1,1,1,34,186,94,311,91,257,225,266,64,142
290,37,312,241,0,100,207,5,144,283,83,216,122,31,219,187,33,123,112,70,257,7,203,105,121,96,188,13,186,269,8,186,166,55,186,50,228,277,84,130,64,244,293,164,65,186,141,186,25,277,259,139,172,1,1,1,1,219,15,208,203,104,144,60,13,53,70
151,25,107,242,0,174,154,34,240,109,129,101,230,253,119,194,166,40,7,181,99,169,96,214,143,204,72,144,47,140,103,78,195,171,166,46,179,286,222,9,299,300,190,316,90,204,10,291,152,153,138,156,292,0,1,1,1,105,68,90,167,38,18,97,203,71,291
133,34,244,243,0,167,276,9,243,276,38,211,68,143,249,300,75,12,189,76,38,150,287,62,60,66,253,14,37,171,1,284,15,162,315,263,319,191,265,276,153,41,91,308,219,287,295,44,175,125,135,252,79,1,1,0,0,314,12,154,173,34,276,54,36,237,289
83,255,65,244,0,193,59,43,93,5,139,156,231,130,56,263,69,61,282,45,195,121,231,192,6,23,176,95,30,62,246,205,119,80,161,254,281,274,153,6,186,147,159,137,311,207,254,143,71,142,76,76,100,0,1,1,0,272,73,205,292,29,23,163,102,133,61
106,117,91,245,1,30,309,37,236,254,27,197,11,181,209,98,269,28,172,43,278,17,220,85,225,74,285,109,93,57,256,217,65,205,86,179,273,262,290,310,162,99,17,241,230,263,194,87,54,265,224,162,196,1,1,0,0,287,303,59,4,103,319,183,131,316,24
286,22,114,246,0,51,295,8,315,291,53,214,36,195,298,100,147,17,188,47,18,101,4,38,199,61,75,236,144,96,124,85,183,236,178,23,68,120,200,75,262,282,185,223,80,37,195,242,239,293,139,91,56,0,0,1,1,130,210,38,30,179,33,66,237,313,232
15,220,126,247,0,276,82,41,190,61,110,203,195,154,180,134,226,92,11,187,100,162,94,211,137,209,72,144,47,140,103,78,195,171,85,92,162,284,119,62,288,196,223,72,33,33,190,263,162,146,3,188,8,1,0,1,1,57,161,145,222,46,39,142,190,68,276
238,297,68,248,1,147,47,37,16,42,168,0,227,184,24,283,81,122,111,255,212,269,74,122,251,278,217,135,196,0,272,41,274,280,74,314,199,76,315,2,169,167,165,288,63,5,303,223,212,60,181,166,300,1,1,1,1,239,124,1,257,213,86,304,122,101,234
79,79,219,249,0,237,87,46,232,235,90,138,276,155,156,73,252,56,46,200,53,140,237,137,72,195,126,211,66,58,209,128,146,129,17,245,181,208,94,167,281,210,199,230,318,136,55,107,36,308,274,282,118,1,0,1,1,112,96,57,300,85,166,278,229,23,50
282,80,145,250,0,31,48,53,182,47,168,9,236,51,41,277,21,36,10,187,100,162,94,212,139,209,75,236,144,96,124,85,183,236,4,225,97,189,143,207,205,179,19,275,157,80,158,262,208,144,305,173,198,1,0,1,1,85,38,97,234,132,226,270,255,197,262
96,267,249,251,1,19,294,27,203,245,99,62,1,246,269,81,116,49,154,138,103,154,186,255,301,2,171,96,32,145,245,29,249,219,71,262,154,302,10,169,158,27,261,170,172,235,230,72,250,294,17,169,123,1,1,1,1,122,81,121,21,26,131,296,111,69,106
142,161,237,252,1,301,30,47,55,98,116,102,304,163,14,260,146,59,214,241,166,240,200,272,8,25,18,63,284,143,255,263,23,16,314,311,313,0,5,299,305,320,32,156,237,296,128,120,251,64,171,306,315,0,1,0,0,304,176,309,122,317,103,105,241,260,161
211,166,269,253,1,65,168,36,162,242,132,113,103,45,172,99,108,129,191,133,121,118,179,288,11,11,92,280,68,55,34,251,261,286,290,33,184,36,287,51,219,75,111,152,94,108,247,29,70,179,169,305,96,1,1,0,0,237,84,35,128,131,95,78,257,94,92
181,77,279,254,0,283,21,41,246,71,164,33,297,185,35,294,103,68,57,240,155,223,61,167,185,269,115,115,244,220,162,31,131,121,251,248,36,104,193,220,120,145,161,35,164,224,104,207,21,99,113,216,71,0,1,1,1,10,72,239,258,274,214,181,149,84,155
190,133,158,255,0,143,143,45,204,165,132,26,260,274,73,29,282,61,43,219,151,226,71,176,182,265,162,23,208,262,14,171,148,70,198,111,216,216,69,147,24,293,58,266,141,128,102,279,247,102,278,138,105,0,1,0,0,197,293,214,137,160,186,153,21,162,270
22,195,255,256,0,47,137,37,100,42,168,0,89,55,24,283,11,122,0,144,92,184,107,221,154,178,79,62,233,40,110,2,279,267,98,316,1,244,268,197,179,301,251,193,30,9,263,15,107,201,127,303,51,0,1,1,1,3,44,23,211,185,241,317,172,32,71
177,59,212,257,0,272,41,41,180,22,149,177,256,115,54,293,59,83,30,81,154,245,142,202,217,213,109,252,130,56,153,158,111,226,262,1,57,61,144,204,245,81,71,153,41,42,150,275,271,65,286,118,78,0,1,1,1,154,11,29,284,170,151,8,264,37,308
224,173,258,258,0,282,44,36,239,31,139,167,215,124,138,136,86,75,58,98,227,29,171,132,100,127,14,227,99,197,102,92,139,14,292,73,16,204,53,242,250,159,81,140,46,79,50,254,4,54,93,84,239,0,0,1,1,149,245,284,215,118,90,17,281,286,10
317,320,10,259,0,212,127,28,270,117,118,162,109,223,213,44,144,67,142,269,149,41,229,74,83,201,96,206,83,126,133,72,109,150,210,54,65,222,224,50,270,267,172,94,131,219,29,181,307,80,117,44,201,0,1,1,1,63,133,81,267,87,132,180,261,45,214
89,49,52,260,1,29,249,36,148,94,108,237,129,9,69,299,0,51,7,181,99,170,96,214,144,205,75,236,144,96,124,85,183,236,154,62,63,94,176,151,204,192,278,75,99,60,79,230,76,228,214,73,237,1,0,1,1,65,7,72,62,139,127,37,256,262,181
253,55,78,261,0,74,134,52,290,126,137,147,259,262,106,17,240,14,9,95,85,199,125,226,175,158,216,245,133,139,86,113,177,253,68,202,55,182,217,123,259,236,5,166,160,43,166,316,302,279,300,190,174,0,0,1,1,199,290,74,127,148,225,194,269,312,312
234,222,227,262,0,6,121,52,207,105,156,35,252,144,59,266,72,18,56,37,210,36,185,157,113,117,66,126,230,224,66,27,211,181,202,313,0,242,2,302,127,21,98,40,24,140,65,235,80,286,204,192,204,0,0,1,1,11,90,278,186,215,275,295,231,170,215
117,143,224,263,0,239,206,27,215,217,101,38,261,249,17,177,184,71,208,273,133,87,160,239,32,50,50,17,285,187,135,265,208,221,219,236,265,29,148,177,50,314,273,272,202,320,279,61,278,52,116,239,103,1,1,0,0,292,195,300,153,318,272,299,69,144,58
186,233,291,264,0,78,260,25,245,107,131,17,29,74,107,162,40,103,103,267,141,104,44,174,188,247,284,18,112,221,136,4,226,22,179,28,284,320,318,318,95,318,271,181,127,294,14,2,6,9,239,140,274,1,1,0,0,8,157,304,20,13,318,156,31,185,1
178,134,256,265,1,253,132,34,10,239,35,248,172,96,194,218,154,50,247,21,47,78,16,236,279,284,1,285,81,26,174,274,9,9,316,270,243,8,98,297,317,9,201,59,59,306,264,92,306,51,0,318,13,1,1,0,0,300,113,299,264,226,187,90,320,183,229
153,170,35,266,1,238,167,37,196,123,118,11,241,105,1,247,65,103,143,13,126,23,23,252,7,22,207,16,170,213,170,219,72,30,67,300,301,195,20,247,8,73,130,160,277,259,181,312,165,313,95,242,9,1,1,0,0,262,98,254,150,112,208,260,3,106,222
225,50,168,267,0,79,42,52,227,39,161,83,191,135,165,275,74,27,146,228,25,110,271,61,39,130,35,149,151,276,41,241,0,27,132,99,174,271,102,52,85,138,137,85,154,113,22,136,231,212,124,261,31,0,1,0,0,178,25,307,260,147,139,4,136,59,208
254,21,147,268,0,311,236,11,86,236,11,158,167,247,196,62,292,42,149,96,234,298,176,131,269,232,223,104,25,188,51,129,202,179,206,10,211,296,92,29,220,118,7,251,240,295,3,317,104,253,297,35,156,1,0,1,1,150,264,171,139,30,19,129,123,202,310
219,99,62,269,0,86,189,44,233,289,64,220,178,84,286,221,221,11,8,101,86,193,123,225,169,162,97,138,226,201,56,38,168,147,94,294,3,193,3,305,58,65,169,253,95,146,80,290,121,260,292,83,77,1,0,1,1,91,257,189,57,236,246,256,147,320,238
24,135,230,270,0,11,155,42,128,184,133,109,163,32,195,126,114,95,78,259,130,114,50,183,166,249,282,72,67,277,67,14,285,132,59,301,194,314,46,311,31,245,1,7,6,301,261,319,319,3,281,24,152,1,0,0,0,45,55,312,103,23,312,314,80,66,320
33,259,241,271,1,141,221,22,163,196,60,245,85,16,141,182,34,104,209,55,1,58,224,3,40,54,41,283,14,281,195,248,257,2,305,157,96,301,44,89,287,29,11,168,255,308,47,121,188,104,134,130,130,1,1,0,0,257,36,317,146,44,197,175,314,92,245
10,152,216,272,0,157,141,30,300,273,97,186,306,159,116,87,251,69,88,84,146,67,178,244,294,6,13,244,205,274,43,246,3,109,83,27,151,84,124,213,164,136,57,309,138,289,0,133,96,170,168,307,120,1,0,0,1,156,88,301,278,261,143,1,250,28,205
196,167,209,273,0,240,131,45,231,50,111,145,289,277,30,6,293,61,193,148,252,293,184,112,272,220,257,263,139,53,196,213,239,269,288,113,140,139,297,244,278,62,247,195,162,58,203,204,290,147,177,264,225,0,1,1,1,252,308,63,160,221,295,107,282,256,210
184,100,3,274,1,125,166,36,15,218,88,121,169,206,171,64,238,105,89,10,67,55,25,65,95,95,278,50,101,136,208,240,70,1,317,65,294,319,320,317,14,31,15,108,225,238,277,64,161,292,173,308,67,1,1,0,0,278,194,272,229,41,317,38,12,55,163
262,190,245,275,1,267,174,37,218,209,96,38,181,183,37,161,130,71,134,78,15,179,278,98,52,85,65,218,175,113,192,76,175,240,258,48,165,48,274,110,171,54,121,197,86,251,192,180,288,222,103,46,255,1,1,1,1,210,241,60,23,252,156,34,167,303,123
8,318,20,276,1,305,203,23,57,243,20,133,177,228,99,222,220,31,241,74,137,268,260,257,17,27,234,240,15,111,236,258,267,34,286,117,291,285,211,4,187,20,44,129,280,280,282,52,48,88,216,125,254,1,1,0,1,288,143,262,170,32,44,288,193,184,111
265,98,167,277,0,117,94,47,62,158,112,10,186,89,71,176,163,94,86,248,192,250,65,138,220,277,29,8,0,255,202,176,99,60,87,208,231,255,223,58,145,45,34,298,276,164,184,233,216,26,247,128,61,0,1,0,0,270,138,193,254,2,3,193,34,96,278
21,227,261,278,1,259,253,39,41,203,12,244,182,5,32,77,158,118,221,161,65,64,259,265,297,283,144,273,143,76,139,238,258,43,274,45,137,33,228,228,190,46,184,9,109,244,177,57,196,244,21,205,199,1,1,1,1,168,83,187,193,232,248,144,296,31,122
273,169,21,279,1,18,291,31,280,134,114,231,105,99,178,235,118,73,37,184,52,152,236,144,75,176,81,249,122,118,156,82,66,156,181,0,90,100,234,128,290,268,8,147,249,185,97,214,224,161,48,319,314,1,1,1,1,14,42,99,46,142,25,10,295,42,303
176,158,132,280,0,99,185,47,247,113,149,22,120,101,66,86,53,67,153,185,36,62,285,42,38,98,118,155,221,167,45,95,101,135,140,81,52,114,187,209,109,215,122,224,238,14,49,151,237,135,110,189,215,0,1,1,1,185,181,174,8,268,234,65,156,289,97
222,94,235,281,0,222,54,45,104,160,117,42,244,153,110,236,149,46,40,190,51,146,238,142,74,185,73,186,92,123,177,40,159,208,304,9,143,125,233,49,269,105,141,66,49,57,152,206,177,171,79,164,298,0,1,1,1,146,234,43,162,126,110,6,186,305,138
54,194,37,282,1,62,284,21,256,122,131,21,58,194,97,78,98,103,22,203,105,148,82,207,125,217,210,34,260,199,230,185,116,113,187,102,272,53,279,60,32,221,256,182,25,192,246,100,190,220,39,277,135,1,1,0,0,231,172,148,3,290,117,67,22,141,183
203,130,90,283,0,257,265,12,54,163,28,210,121,275,240,38,290,37,128,141,76,209,226,259,291,296,106,237,153,98,183,44,223,252,121,51,75,140,147,157,296,224,281,173,69,59,96,18,116,50,30,182,97,1,1,1,1,92,314,138,79,225,96,167,305,279,40
140,236,195,284,1,188,251,41,111,215,37,106,154,263,187,63,302,22,22,203,104,147,82,207,127,217,85,194,33,94,197,206,214,143,133,197,212,203,219,44,289,225,43,287,216,138,228,280,214,90,42,64,278,0,1,0,0,120,160,85,247,40,24,284,243,7,307
168,39,40,285,1,210,242,34,109,238,56,247,263,133,86,83,275,118,7,181,99,170,96,214,145,204,76,56,13,172,75,102,212,130,45,156,191,295,155,59,271,184,187,243,88,129,212,257,187,216,287,117,154,1,0,1,1,100,156,92,161,5,26,184,100,22,287
303,214,104,286,1,195,256,35,112,177,74,38,102,171,55,94,148,71,33,69,153,243,146,204,219,200,67,217,204,63,268,180,61,197,56,223,172,67,190,179,148,109,239,107,12,290,149,245,149,7,252,6,194,1,1,1,1,276,220,199,15,265,192,212,232,255,185
301,282,120,287,1,289,233,32,136,278,24,23,206,255,50,8,309,87,230,152,226,295,85,93,274,193,146,232,166,83,252,23,243,263,145,191,28,132,125,232,210,51,260,14,194,159,243,80,240,37,26,115,273,1,1,1,1,26,274,89,271,238,231,300,238,14,91
166,17,223,288,1,85,195,45,49,251,73,150,136,111,215,143,265,73,8,101,86,194,123,225,171,162,97,138,226,201,56,38,168,147,224,82,39,135,199,102,118,252,232,26,35,67,56,283,110,281,226,175,287,1,0,1,1,71,284,133,60,255,209,72,140,273,187
29,181,232,289,0,227,25,43,178,189,144,55,296,221,166,267,284,61,115,46,140,11,21,14,89,87,135,267,110,97,30,189,252,276,52,134,99,85,262,165,166,70,279,144,17,74,174,126,105,303,161,214,235,0,1,1,1,205,305,39,268,172,185,174,220,277,132
195,286,150,290,1,121,285,4,248,277,31,164,19,218,292,39,261,57,1,143,92,183,108,221,155,179,97,138,226,201,56,38,168,147,89,96,76,124,191,185,99,213,298,37,51,106,20,306,163,189,232,129,112,1,1,1,0,58,300,75,163,266,152,222,121,240,217
314,9,252,291,1,202,237,29,114,214,55,165,38,224,227,163,215,42,250,231,225,21,39,50,223,105,169,137,50,86,277,46,152,98,193,144,240,254,168,39,276,137,135,246,287,218,272,38,114,38,81,207,25,1,1,1,1,243,239,230,93,94,57,196,183,219,22
31,44,238,292,1,56,246,36,157,154,88,132,22,205,267,46,203,45,107,31,251,10,207,116,142,90,47,93,271,265,46,201,13,38,320,112,24,72,25,286,37,168,53,139,60,139,125,112,50,284,126,236,280,0,1,1,1,119,209,293,83,301,201,58,104,113,118
90,53,172,293,1,261,81,32,154,148,105,120,243,193,169,234,279,103,201,77,220,296,84,97,271,177,264,94,96,61,214,256,100,163,170,181,280,283,170,273,87,68,231,54,217,311,266,23,128,136,207,259,50,1,1,0,0,282,301,203,274,95,289,201,68,245,32
259,284,89,294,1,251,118,24,226,263,89,198,152,33,191,92,105,126,22,203,104,148,82,207,126,217,91,228,152,71,175,81,105,228,96,175,60,133,128,268,275,110,254,29,47,63,78,264,137,98,176,310,142,1,1,1,1,59,47,47,262,163,213,188,245,24,194
72,40,106,295,0,113,216,34,191,34,95,227,43,52,197,228,27,39,198,2,231,13,42,41,200,53,132,187,242,193,47,139,240,5,227,36,91,80,169,187,111,262,23,204,118,223,30,95,78,231,65,47,124,0,0,1,1,169,75,297,55,280,221,33,223,234,115
76,182,186,296,1,285,180,37,175,164,76,15,208,78,5,195,102,97,272,198,49,168,216,273,20,12,3,60,280,18,3,286,35,282,259,235,309,2,67,274,301,319,153,306,242,315,308,19,81,213,62,291,66,1,1,0,0,320,136,181,240,314,249,244,303,142,83
209,224,221,297,0,242,122,39,124,57,109,242,273,63,70,251,186,120,52,119,191,274,135,165,236,257,97,138,226,201,56,38,168,147,100,255,19,164,138,236,43,308,3,109,36,85,34,268,260,242,285,95,41,1,0,1,1,13,95,241,210,214,85,182,120,18,313
312,191,99,298,0,155,57,49,52,193,127,175,312,145,26,289,162,48,255,61,205,63,111,261,283,292,12,141,258,69,279,67,244,13,55,292,197,44,56,266,23,158,234,180,176,297,289,86,51,182,89,116,104,1,1,0,0,234,110,282,281,295,88,282,113,126,65
218,56,63,299,0,199,17,45,48,79,152,29,223,184,188,208,200,76,155,274,213,80,79,121,229,227,196,98,38,184,108,157,60,116,92,138,236,308,117,46,191,160,73,264,282,151,95,178,285,63,230,59,216,0,0,0,0,220,285,253,226,39,141,143,109,280,141
2,311,34,300,1,183,11,47,7,58,163,12,270,180,79,231,153,112,258,94,16,244,249,8,68,80,48,209,192,29,178,262,59,241,283,242,213,11,33,275,265,11,144,282,185,198,296,88,244,151,237,108,285,0,1,0,0,293,200,49,280,257,227,137,263,143,170
297,112,193,301,0,203,107,45,268,8,143,135,219,55,19,233,26,55,101,123,253,9,191,102,105,116,157,159,217,186,26,90,190,142,61,304,6,180,137,277,29,273,197,142,247,156,37,199,17,262,273,31,197,0,0,1,1,73,107,258,165,219,254,281,128,222,41
316,7,316,302,1,87,225,41,281,37,142,168,212,242,74,211,181,46,125,58,214,291,158,260,27,43,129,44,55,198,15,209,193,140,142,63,241,313,86,22,209,201,218,132,23,126,130,164,41,68,11,201,294,0,0,1,1,225,86,229,96,27,41,96,96,50,209
180,71,164,303,1,128,35,47,216,269,158,71,274,92,220,278,272,121,64,72,247,46,188,117,114,144,138,169,46,141,190,148,19,32,99,161,146,226,142,164,173,69,39,307,272,203,222,229,98,42,153,75,179,1,0,0,0,241,260,108,270,66,130,46,130,163,213
86,74,95,304,0,217,71,47,307,153,144,124,166,93,202,131,152,61,199,236,264,185,131,256,18,34,186,6,113,258,117,237,134,48,266,194,288,282,97,20,17,188,56,234,186,281,133,135,300,75,208,66,203,0,1,0,0,284,255,285,136,88,47,71,6,308,137
131,32,79,305,0,186,55,51,11,49,71,190,42,79,275,20,244,77,14,196,102,158,93,209,135,211,20,177,238,239,55,99,28,91,209,16,70,98,158,126,128,292,227,177,56,48,27,278,195,169,317,4,269,1,0,1,1,27,112,227,308,245,136,92,182,5,275
27,118,285,306,0,72,45,53,59,93,146,77,147,11,160,183,56,86,147,88,286,206,209,46,238,175,246,254,124,104,64,123,200,261,3,209,126,168,192,233,177,134,233,116,246,78,117,148,28,258,272,60,187,1,0,1,1,96,77,120,157,152,292,231,224,196,39
245,42,98,307,1,134,279,32,241,234,82,15,7,209,208,16,207,97,253,132,22,84,12,30,194,63,37,261,161,72,244,202,22,120,134,122,200,63,58,170,180,89,274,78,259,123,236,114,145,15,150,18,276,1,1,1,1,184,127,169,74,218,137,211,221,4,66
65,142,225,308,0,179,124,45,263,108,145,110,258,254,129,10,287,84,231,131,63,210,245,247,303,16,27,132,251,241,242,66,227,21,319,273,186,37,189,212,144,43,128,117,124,240,36,41,169,204,202,268,175,0,1,0,0,198,307,292,90,306,148,76,164,205,74
210,16,136,309,0,232,268,20,312,295,15,172,79,100,290,107,246,10,65,122,232,24,167,125,97,131,224,48,18,179,144,151,114,131,230,93,227,307,127,13,182,153,303,150,72,229,208,146,248,243,25,254,192,0,1,1,1,247,247,77,53,16,13,100,54,318,180
16,11,1,310,0,263,192,34,88,265,29,239,180,107,192,173,214,43,141,68,262,5,213,99,164,84,185,45,185,235,70,52,180,69,110,190,148,221,78,152,51,211,300,56,105,177,59,149,47,266,80,34,241,1,1,1,1,80,132,218,143,165,162,199,43,178,53
66,114,56,311,1,236,61,47,90,171,103,54,254,150,90,252,175,40,239,153,73,30,5,230,23,30,260,90,40,65,222,208,89,166,239,24,279,311,278,263,140,44,74,171,309,153,237,109,73,55,229,260,17,0,1,1,1,277,236,150,237,35,286,48,78,295,28
248,38,140,312,0,163,96,50,310,225,140,40,232,251,224,7,285,27,1,142,92,182,109,221,156,179,206,241,142,120,57,135,78,235,139,95,50,158,232,135,264,214,193,46,26,18,161,305,194,223,73,21,217,0,0,1,1,131,272,41,135,167,199,123,248,214,282
205,192,38,313,0,200,79,52,259,21,131,181,288,148,27,114,125,26,7,181,99,169,96,214,145,204,125,31,84,250,13,68,172,58,8,186,209,291,49,124,82,204,203,88,34,72,103,259,219,186,298,111,191,0,0,1,1,151,201,242,154,49,158,192,44,290,206
82,258,293,314,0,268,99,38,189,60,104,169,300,245,31,91,256,60,76,85,152,242,121,274,15,33,98,99,27,157,83,97,205,144,31,277,155,303,41,141,178,59,37,267,107,166,31,225,129,255,35,103,251,0,0,1,1,173,265,192,212,22,91,252,135,210,197
169,232,198,315,1,312,157,32,158,284,13,16,174,231,76,0,303,97,211,125,42,159,248,250,288,295,238,2,19,270,106,255,142,19,106,232,302,233,55,70,20,172,292,42,133,29,299,68,209,137,144,187,127,1,1,0,0,291,299,179,309,15,193,286,1,60,23
240,256,185,316,1,3,223,47,209,138,163,1,61,207,159,36,156,85,160,251,256,259,113,72,260,271,150,239,129,48,231,143,127,159,141,205,180,75,162,84,213,197,129,174,313,155,235,184,296,103,311,56,230,0,1,1,1,189,250,102,32,177,146,202,227,200,167
71,26,53,317,1,77,257,45,135,226,54,200,106,47,151,241,124,32,102,107,20,171,273,104,47,112,158,68,106,153,127,203,91,134,80,55,242,177,27,218,86,284,312,79,129,96,215,105,111,139,38,65,218,1,1,1,1,258,153,111,85,77,119,114,75,291,54
299,97,131,318,0,256,306,1,297,302,1,254,149,53,285,244,239,5,93,218,110,127,57,278,9,29,104,75,6,78,167,177,73,64,20,287,203,265,151,143,244,85,287,22,91,22,200,197,97,270,256,101,122,1,1,1,1,188,80,16,180,9,4,291,114,267,221
139,154,297,319,0,64,307,27,228,176,30,218,8,192,185,104,199,31,25,183,189,49,120,158,99,188,54,258,156,79,128,112,186,28,82,219,37,112,73,229,152,28,308,65,114,46,107,236,82,180,141,113,193,1,1,1,1,39,199,132,43,178,212,277,272,125,144
199,309,181,320,0,260,36,45,179,103,144,55,268,219,81,259,180,61,161,281,170,204,59,153,245,234,231,127,248,154,243,77,77,203,299,116,220,28,270,121,40,218,200,20,108,176,170,166,13,172,101,269,76,0,1,1,1,33,91,125,306,278,169,130,64,29,25
275,218,182,321,1,172,283,37,287,293,45,125,59,137,102,255,97,19,71,11,243,119,197,127,190,133,53,120,234,238,122,19,230,212,18,259,100,157,107,199,80,230,286,44,32,178,44,167,74,306,12,131,236,1,1,1,0,111,141,195,31,272,235,292,97,307,17
